<DATE>	<OPEN>	<HIGH>	<LOW>	<CLOSE>	<TICKVOL>	<VOL>	<SPREAD>
2020.03.03	8838.50	9000.75	8540.64	8559.12	640841	0	0
2020.03.04	8547.80	8949.85	8511.88	8889.48	534261	0	0
2020.03.05	8885.85	8899.10	8612.16	8674.98	363011	0	0
2020.03.06	8672.30	8726.60	8314.22	8505.60	658061	0	0
2020.03.09	8173.85	8243.98	7823.60	7920.48	587381	0	0
2020.03.10	8019.65	8382.89	7937.17	8361.80	549281	0	0
2020.03.11	8244.63	8264.38	7897.68	8009.58	498351	0	0
2020.03.12	8090.38	8094.03	7135.14	7161.74	989136	0	0
2020.03.13	7193.10	7980.48	6945.98	7830.98	1431111	0	0
2020.03.16	7561.72	7562.22	6925.58	7041.32	752881	0	0
2020.03.17	7090.82	7554.32	6950.45	7364.95	933611	0	0
2020.03.18	7300.58	7342.20	6826.95	7256.32	986241	0	0
2020.03.19	7338.08	7520.08	6891.32	7203.58	1123021	0	0
2020.03.20	7162.20	7648.70	6902.08	6923.95	1254991	0	0
2020.03.23	6780.32	7323.82	6632.32	6984.52	1178801	0	0
2020.03.24	7028.02	7581.40	7028.02	7564.65	570131	0	0
2020.03.25	7561.02	7775.90	7382.52	7493.78	719521	0	0
2020.03.26	7508.78	7912.28	7326.28	7883.90	796881	0	0
2020.03.27	7906.90	7911.02	7570.28	7584.65	359231	0	0
2020.03.30	7561.52	7901.02	7429.28	7870.52	634481	0	0
2020.03.31	7871.52	8014.78	7765.52	7797.02	424021	0	0
2020.04.01	7790.65	7790.65	7423.78	7482.15	425241	0	0
2020.04.02	7488.90	7673.65	7394.90	7640.02	406381	0	0
2020.04.03	7641.40	7677.15	7440.28	7533.78	366121	0	0
2020.04.06	7557.02	8109.65	7557.02	8046.90	615381	0	0
2020.04.07	8040.40	8314.02	7958.52	8010.40	681001	0	0
2020.04.08	8022.40	8252.65	7964.40	8211.90	387001	0	0
2020.04.09	8199.78	8337.15	8114.40	8251.78	393501	0	0
2020.04.13	8315.78	8351.28	8083.40	8351.28	500261	0	0
2020.04.14	8352.15	8715.65	8332.40	8715.65	403001	0	0
2020.04.15	8713.52	8716.40	8498.90	8588.15	309631	0	0
2020.04.16	8587.78	8854.15	8512.78	8850.02	420501	0	0
2020.04.17	8943.65	8978.52	8702.15	8821.40	430491	0	0
2020.04.20	8808.02	8857.90	8699.15	8726.02	235501	0	0
2020.04.21	8714.65	8774.65	8356.02	8449.02	571631	0	0
2020.04.22	8463.90	8710.90	8413.65	8645.02	413381	0	0
2020.04.23	8647.28	8797.90	8593.52	8611.78	373261	0	0
2020.04.24	8591.15	8792.40	8509.28	8781.02	376371	0	0
2020.04.27	8825.90	8909.52	8742.40	8829.28	330861	0	0
2020.04.28	8830.90	8957.52	8666.15	8710.40	462241	0	0
2020.04.29	8780.52	9129.40	8745.28	9129.02	419741	0	0
2020.04.30	9112.78	9155.52	8868.78	8881.40	342101	0	0
2020.05.01	8853.52	8891.15	8683.15	8714.15	276631	0	0
2020.05.04	8623.52	8837.65	8567.52	8819.40	344381	0	0
2020.05.05	8818.15	9032.52	8809.15	8945.52	319371	0	0
2020.05.06	8939.65	9067.78	8889.28	8956.90	339751	0	0
2020.05.07	8958.90	9137.52	8940.90	9129.15	222991	0	0
2020.05.08	9121.15	9247.02	9112.78	9230.02	159611	0	0
2020.05.11	9204.02	9347.15	9127.15	9288.40	355621	0	0
2020.05.12	9290.15	9353.52	9049.65	9052.65	370241	0	0
2020.05.13	9054.02	9210.52	8886.52	9020.40	614381	0	0
2020.05.14	9023.02	9111.90	8855.52	9096.78	439001	0	0
2020.05.15	9091.52	9157.40	8933.28	9127.78	411981	0	0
2020.05.18	9122.90	9369.28	9120.02	9324.52	296901	0	0
2020.05.19	9327.28	9423.90	9291.02	9304.02	242501	0	0
2020.05.20	9290.40	9499.78	9277.28	9496.28	239121	0	0
2020.05.21	9501.15	9512.90	9356.52	9362.52	174131	0	0
2020.05.22	9361.90	9425.78	9246.15	9424.65	296511	0	0
2020.05.25	9397.40	9540.15	9394.65	9534.52	153881	0	0
2020.05.26	9533.02	9607.65	9377.02	9413.02	341261	0	0
2020.05.27	9412.15	9511.78	9179.02	9445.52	632151	0	0
2020.05.28	9436.90	9570.35	9325.52	9463.85	462711	0	0
2020.05.29	9458.60	9595.25	9377.00	9591.75	303351	0	0
2020.06.01	9493.45	9610.35	9455.20	9598.35	205401	0	0
2020.06.02	9594.45	9674.75	9509.70	9662.85	261701	0	0
2020.06.03	9661.75	9732.15	9639.65	9694.15	152601	0	0
2020.06.04	9690.00	9745.05	9575.15	9646.65	296451	0	0
2020.06.05	9643.75	9848.65	9605.65	9810.15	319601	0	0
2020.06.08	9821.60	9903.65	9750.00	9886.50	242401	0	0
2020.06.09	9885.35	10007.75	9814.50	9964.25	307601	0	0
2020.06.10	9966.60	10158.05	9961.25	10089.90	270301	0	0
2020.06.11	10087.45	10107.85	9585.85	9621.85	578401	0	0
2020.06.12	9611.90	9850.30	9495.35	9647.25	674551	0	0
2020.06.15	9537.20	9815.60	9381.70	9812.60	592401	0	0
2020.06.16	9811.20	10014.50	9799.20	9972.20	269601	0	0
2020.06.17	9966.55	10060.70	9928.95	9999.70	230351	0	0
2020.06.18	9989.80	10042.20	9879.95	10000.95	313351	0	0
2020.06.19	9996.35	10124.60	9928.20	9938.25	334701	0	0
2020.06.22	9878.55	10146.05	9855.95	10133.70	325051	0	0
2020.06.23	10134.40	10308.30	9985.05	10189.55	591351	0	0
2020.06.24	10194.40	10254.05	9940.20	10027.85	461151	0	0
2020.06.25	10020.30	10119.70	9898.45	10109.45	353351	0	0
2020.06.26	10102.15	10132.95	9836.95	9857.45	347301	0	0
2020.06.29	9794.35	10009.50	9741.60	9998.50	331651	0	0
2020.06.30	9991.30	10183.35	9952.20	10151.45	302151	0	0
2020.07.01	10149.80	10320.70	10088.20	10267.70	347101	0	0
2020.07.02	10266.85	10431.35	10257.75	10360.50	253551	0	0
2020.07.03	10358.15	10400.80	10320.30	10336.25	139101	0	0
2020.07.06	10359.75	10625.40	10352.50	10609.40	296151	0	0
2020.07.07	10613.05	10705.20	10516.70	10537.45	301401	0	0
2020.07.08	10536.20	10683.85	10516.20	10682.60	188901	0	0
2020.07.09	10692.85	10784.00	10571.00	10734.50	384351	0	0
2020.07.10	10736.90	10884.51	10636.65	10853.50	379121	0	0
2020.07.13	10859.70	11069.75	10573.55	10610.15	742851	0	0
2020.07.14	10614.80	10703.70	10370.20	10655.20	626601	0	0
2020.07.15	10723.70	10776.90	10562.00	10699.15	405251	0	0
2020.07.16	10701.10	10708.75	10486.55	10544.70	288001	0	0
2020.07.17	10549.20	10680.00	10534.85	10633.85	205651	0	0
2020.07.20	10630.25	10973.65	10557.15	10958.40	504851	0	0
2020.07.21	10959.75	11068.90	10796.25	10856.60	442151	0	0
2020.07.22	10852.90	10927.20	10772.60	10856.65	305451	0	0
2020.07.23	10860.10	10949.50	10525.75	10575.75	563151	0	0
2020.07.24	10579.40	10608.80	10313.80	10471.95	482551	0	0
2020.07.27	10492.30	10695.20	10412.95	10693.70	363101	0	0
2020.07.28	10692.30	10769.70	10525.45	10559.20	355401	0	0
2020.07.29	10571.90	10711.05	10524.30	10710.30	235101	0	0
2020.07.30	10708.50	10905.90	10513.50	10902.15	591151	0	0
2020.07.31	10917.30	10949.45	10701.80	10925.95	486651	0	0
2020.08.03	10941.35	11083.75	10887.25	11063.50	270851	0	0
2020.08.04	11062.60	11106.40	10994.90	11089.90	195701	0	0
2020.08.05	11088.15	11155.95	11068.05	11107.80	156151	0	0
2020.08.06	11102.25	11281.90	11061.40	11268.65	274601	0	0
2020.08.07	11267.45	11290.35	11043.25	11139.50	366251	0	0
2020.08.10	11148.35	11154.25	10936.35	11087.50	374951	0	0
2020.08.11	11075.45	11166.05	10853.65	10918.90	468251	0	0
2020.08.12	10947.10	11193.30	10887.25	11125.95	433251	0	0
2020.08.13	11122.65	11274.30	11102.80	11190.05	275601	0	0
2020.08.14	11188.90	11245.05	11103.55	11154.30	248401	0	0
2020.08.17	11155.70	11308.70	11155.70	11295.45	166251	0	0
2020.08.18	11291.75	11422.85	11275.05	11421.60	165751	0	0
2020.08.19	11417.20	11443.65	11303.80	11325.55	188051	0	0
2020.08.20	11319.70	11501.45	11226.05	11485.15	385351	0	0
2020.08.21	11486.55	11578.20	11411.95	11567.70	251351	0	0
2020.08.24	11591.15	11727.40	11534.00	11639.35	338601	0	0
2020.08.25	11641.70	11747.60	11580.75	11741.60	233801	0	0
2020.08.26	11741.20	12006.85	11732.10	11990.60	300101	0	0
2020.08.27	11985.60	12050.75	11839.50	11952.00	388901	0	0
2020.08.28	11955.50	12022.40	11925.15	12006.90	143101	0	0
2020.08.31	12011.50	12169.40	11993.40	12109.90	253601	0	0
2020.09.01	12113.05	12333.20	12097.70	12332.70	251351	0	0
2020.09.02	12325.35	12469.00	12176.55	12412.05	498201	0	0
2020.09.03	12412.10	12440.75	11661.65	11804.25	950351	0	0
2020.09.04	11729.70	11845.85	11145.20	11540.60	1212201	0	0
2020.09.07	11544.95	11549.35	11310.85	11500.80	432851	0	0
2020.09.08	11510.20	11587.60	11043.70	11047.35	624951	0	0
2020.09.09	11043.55	11481.50	10938.95	11373.35	755301	0	0
2020.09.10	11381.90	11569.05	11092.45	11181.05	752351	0	0
2020.09.11	11194.90	11359.80	10940.90	11075.80	718701	0	0
2020.09.14	11118.10	11366.65	11085.95	11277.00	402501	0	0
2020.09.15	11288.35	11498.40	11250.25	11465.25	319401	0	0
2020.09.16	11469.85	11551.90	11240.50	11267.00	419951	0	0
2020.09.17	11275.30	11305.45	10921.45	11081.95	574651	0	0
2020.09.18	11071.75	11176.90	10757.90	10953.65	719901	0	0
2020.09.21	10936.00	11025.85	10672.40	10997.60	645301	0	0
2020.09.22	10983.50	11208.15	10914.40	11169.90	401101	0	0
2020.09.23	11179.25	11238.90	10802.65	10835.65	528901	0	0
2020.09.24	10817.60	11028.00	10678.50	10924.75	591851	0	0
2020.09.25	10936.90	11182.05	10829.40	11150.30	491901	0	0
2020.09.28	11164.70	11419.60	11156.60	11410.35	280351	0	0
2020.09.29	11399.10	11464.00	11304.50	11335.25	255151	0	0
2020.09.30	11328.20	11541.70	11182.85	11372.85	673051	0	0
2020.10.01	11397.05	11614.10	11395.05	11586.45	248701	0	0
2020.10.02	11586.00	11619.65	11220.40	11267.15	479651	0	0
2020.10.05	11329.60	11511.10	11283.50	11484.50	300301	0	0
2020.10.06	11483.90	11539.30	11211.80	11220.90	392001	0	0
2020.10.07	11237.00	11521.65	11222.00	11490.65	345651	0	0
2020.10.08	11489.10	11593.90	11485.10	11574.50	132201	0	0
2020.10.09	11580.85	11754.35	11567.60	11740.25	214101	0	0
2020.10.12	11712.20	12212.60	11708.60	12105.60	614601	0	0
2020.10.13	12118.75	12263.90	12035.80	12097.40	434851	0	0
2020.10.14	12094.30	12193.70	11918.45	11960.20	416401	0	0
2020.10.15	11969.75	11998.65	11753.40	11900.15	420901	0	0
2020.10.16	11910.60	12038.50	11809.25	11812.00	359901	0	0
2020.10.19	11835.80	11967.45	11608.95	11709.70	590901	0	0
2020.10.20	11719.80	11808.10	11614.85	11666.65	333351	0	0
2020.10.21	11698.00	11794.00	11600.00	11702.65	383351	0	0
2020.10.22	11692.15	11738.95	11526.30	11672.30	405451	0	0
2020.10.23	11687.65	11706.70	11566.45	11683.80	276651	0	0
2020.10.26	11631.95	11710.10	11358.10	11511.35	583401	0	0
2020.10.27	11512.15	11637.80	11492.30	11568.65	234501	0	0
2020.10.28	11567.25	11581.65	11137.55	11190.80	511751	0	0
2020.10.29	11195.95	11471.50	11157.70	11258.85	564701	0	0
2020.10.30	11227.00	11295.40	10960.20	11102.30	545701	0	0
2020.11.02	11040.35	11227.00	10957.75	11089.50	489351	0	0
2020.11.03	11085.30	11360.45	11081.70	11260.70	382101	0	0
2020.11.04	11279.75	11857.90	11244.15	11828.65	678601	0	0
2020.11.05	11834.25	12130.90	11784.15	12104.15	423601	0	0
2020.11.06	12092.10	12118.95	11879.75	12104.70	465801	0	0
2020.11.09	12171.10	12418.25	11820.50	11854.15	878551	0	0
2020.11.10	11870.45	11908.60	11513.35	11631.95	552001	0	0
2020.11.11	11639.40	11927.70	11584.05	11904.20	422501	0	0
2020.11.12	11907.55	11985.45	11786.05	11872.95	364201	0	0
2020.11.13	11866.90	11961.55	11810.95	11953.55	214551	0	0
2020.11.16	11968.25	12073.40	11861.25	12050.15	342401	0	0
2020.11.17	12089.25	12105.50	11963.65	11978.15	172601	0	0
2020.11.18	11981.80	12033.95	11869.70	11880.95	227651	0	0
2020.11.19	11884.05	12008.20	11813.20	11973.20	300851	0	0
2020.11.20	11961.05	12029.45	11890.13	11917.20	234791	0	0
2020.11.23	11907.70	12010.60	11816.35	11925.60	370601	0	0
2020.11.24	11925.20	12113.25	11881.60	12110.60	277901	0	0
2020.11.25	12108.90	12186.55	12087.30	12177.30	130101	0	0
2020.11.26	12184.15	12231.80	12136.05	12162.80	170151	0	0
2020.11.27	12171.80	12316.45	12145.95	12280.35	232451	0	0
2020.11.30	12300.40	12344.80	12095.55	12327.30	471601	0	0
2020.12.01	12338.90	12516.30	12316.05	12463.30	276101	0	0
2020.12.02	12463.45	12476.60	12317.85	12467.60	313351	0	0
2020.12.03	12478.00	12543.30	12447.30	12491.40	178601	0	0
2020.12.04	12492.75	12538.65	12477.65	12511.90	115042	0	0
2020.12.07	12529.10	12615.00	12478.25	12574.50	162240	0	0
2020.12.08	12575.60	12655.45	12506.10	12650.70	150788	0	0
2020.12.09	12665.00	12678.40	12310.75	12355.50	234827	0	0
2020.12.10	12349.05	12453.35	12222.95	12393.45	250479	0	0
2020.12.11	12394.90	12418.55	12238.15	12374.80	242074	0	0
2020.12.14	12421.40	12558.05	12397.05	12481.05	189862	0	0
2020.12.15	12482.30	12617.45	12431.95	12607.45	192566	0	0
2020.12.16	12612.30	12713.95	12581.20	12686.70	159845	0	0
2020.12.17	12688.30	12775.05	12680.70	12762.30	145427	0	0
2020.12.18	12753.85	12796.95	12618.60	12757.85	190235	0	0
2020.12.21	12772.20	12790.20	12470.75	12702.10	320462	0	0
2020.12.22	12719.85	12772.00	12606.90	12719.25	255064	0	0
2020.12.23	12716.70	12751.85	12637.10	12669.85	189767	0	0
2020.12.24	12674.40	12736.95	12644.55	12715.55	98757	0	0
2020.12.28	12679.10	12868.75	12678.35	12855.25	148260	0	0
2020.12.29	12857.60	12930.35	12821.75	12872.00	171751	0	0
2020.12.30	12871.70	12923.15	12834.40	12855.40	155289	0	0
2020.12.31	12856.50	12909.15	12810.15	12899.40	121627	0	0
2021.01.04	12911.10	12973.00	12535.75	12701.75	278601	0	0
2021.01.05	12698.85	12821.20	12624.25	12816.95	240276	0	0
2021.01.06	12816.00	12856.65	12503.15	12672.35	385766	0	0
2021.01.07	12671.85	12970.85	12660.50	12939.85	230864	0	0
2021.01.08	12944.10	13138.85	12933.00	13137.10	249305	0	0
2021.01.11	13102.30	13119.20	12886.20	12918.95	259727	0	0
2021.01.12	12929.65	12972.80	12782.70	12897.30	228830	0	0
2021.01.13	12898.90	13016.45	12834.15	12989.25	203228	0	0
2021.01.14	12990.70	13042.10	12893.20	12911.85	201261	0	0
2021.01.15	12923.80	12943.95	12757.45	12774.95	264224	0	0
2021.01.18	12790.25	12829.90	12740.40	12824.40	85350	0	0
2021.01.19	12826.10	13047.40	12824.85	13046.65	141047	0	0
2021.01.20	13046.00	13343.00	13034.90	13306.00	184271	0	0
2021.01.21	13306.60	13439.85	13299.50	13413.70	188128	0	0
2021.01.22	13412.65	13417.05	13316.85	13369.70	192815	0	0
2021.01.25	13388.50	13571.05	13206.40	13479.70	251075	0	0
2021.01.26	13471.15	13615.05	13397.05	13567.55	225533	0	0
2021.01.27	13567.60	13602.25	12897.10	13074.95	346262	0	0
2021.01.28	13046.90	13407.80	12921.05	13167.05	384707	0	0
2021.01.29	13171.95	13199.60	12845.35	12883.85	449561	0	0
2021.02.01	12862.05	13285.75	12741.70	13251.10	322998	0	0
2021.02.02	13254.70	13524.75	13248.35	13515.10	238507	0	0
2021.02.03	13524.60	13600.25	13404.00	13430.50	233644	0	0
2021.02.04	13451.80	13582.70	13359.95	13573.45	199615	0	0
2021.02.05	13569.85	13648.35	13529.60	13615.10	183482	0	0
2021.02.08	13637.20	13702.00	13606.95	13696.85	182147	0	0
2021.02.09	13694.05	13744.45	13643.45	13707.70	149789	0	0
2021.02.10	13705.60	13781.15	13528.10	13671.25	221607	0	0
2021.02.11	13675.60	13753.50	13623.50	13719.75	193881	0	0
2021.02.12	13716.85	13829.75	13656.00	13829.25	151427	0	0
2021.02.15	13852.95	13888.35	13829.35	13881.85	41079	0	0
2021.02.16	13879.45	13910.35	13726.35	13767.35	189206	0	0
2021.02.17	13763.60	13791.50	13550.15	13705.30	235261	0	0
2021.02.18	13708.15	13728.80	13475.30	13640.30	240568	0	0
2021.02.19	13639.40	13734.55	13541.25	13579.50	234440	0	0
2021.02.22	13606.10	13634.50	13221.60	13225.35	294003	0	0
2021.02.23	13233.80	13341.70	12764.65	13160.15	384500	0	0
2021.02.24	13181.05	13338.95	12965.55	13326.35	370067	0	0
2021.02.25	13305.05	13360.20	12770.85	12789.70	421050	0	0
2021.02.26	12796.20	13095.95	12670.10	12905.80	522495	0	0
2021.03.01	12978.00	13324.65	12953.65	13323.40	299292	0	0
2021.03.02	13317.60	13335.00	13055.75	13065.25	329159	0	0
2021.03.03	13063.90	13197.55	12670.05	12680.05	351248	0	0
2021.03.04	12685.35	12801.10	12310.65	12440.75	487641	0	0
2021.03.05	12439.30	12701.70	12212.95	12656.95	477027	0	0
2021.03.08	12726.15	12765.05	12288.45	12344.55	441127	0	0
2021.03.09	12341.20	12872.10	12331.35	12795.60	331977	0	0
2021.03.10	12813.45	12997.85	12709.10	12789.10	363324	0	0
2021.03.11	12795.45	13123.60	12728.85	13050.10	281184	0	0
2021.03.12	13055.25	13101.40	12775.40	12942.00	306866	0	0
2021.03.15	12962.35	13105.75	12879.75	13088.85	240510	0	0
2021.03.16	13089.30	13304.60	13063.05	13170.20	245350	0	0
2021.03.17	13173.05	13288.45	12951.70	13188.70	837133	0	0
2021.03.18	13195.80	13283.95	12778.50	12809.35	814366	0	0
2021.03.19	12819.30	12915.05	12698.05	12846.20	757165	0	0
2021.03.22	12832.25	13173.60	12806.40	13080.95	471137	0	0
2021.03.23	13081.80	13188.20	12995.30	13047.55	592498	0	0
2021.03.24	13065.00	13159.95	12799.80	12808.80	632290	0	0
2021.03.25	12811.25	12875.15	12625.40	12805.90	819495	0	0
2021.03.26	12803.85	13005.25	12692.85	12978.75	602297	0	0
2021.03.29	12989.85	13018.60	12824.00	12980.00	219737	0	0
2021.03.30	12985.45	13000.10	12793.50	12902.10	109501	0	0
2021.03.31	12904.50	13174.15	12874.90	13102.90	91673	0	0
2021.04.01	13110.00	13350.40	13109.75	13344.65	85058	0	0
2021.04.02	13349.85	13408.10	13343.75	13368.25	18284	0	0
2021.04.05	13351.60	13632.00	13322.75	13618.50	67539	0	0
2021.04.06	13617.15	13669.05	13541.05	13597.05	87573	0	0
2021.04.07	13597.90	13656.45	13529.30	13635.55	82673	0	0
2021.04.08	13635.90	13805.05	13631.05	13800.30	75903	0	0
2021.04.09	13802.30	13855.95	13664.20	13828.20	82959	0	0
2021.04.12	13830.90	13848.80	13749.20	13840.80	89620	0	0
2021.04.13	13841.90	14011.40	13790.20	13994.45	83735	0	0
2021.04.14	13994.10	14046.15	13789.00	13838.00	90378	0	0
2021.04.15	13843.35	14050.50	13805.25	14010.00	85519	0	0
2021.04.16	14012.95	14075.85	13971.35	14042.70	81997	0	0
2021.04.19	13993.15	14069.40	13837.95	13909.45	99367	0	0
2021.04.20	13914.85	13949.75	13735.90	13749.50	105984	0	0
2021.04.21	13758.10	13942.00	13717.25	13907.25	93844	0	0
2021.04.22	13908.35	13959.05	13717.45	13777.55	102107	0	0
2021.04.23	13770.30	13992.03	13753.95	13921.20	80915	0	0
2021.04.26	13930.90	14052.15	13881.55	14034.65	78908	0	0
2021.04.27	14039.00	14064.65	13928.50	13966.40	74108	0	0
2021.04.28	13970.60	14008.25	13894.00	13991.50	82064	0	0
2021.04.29	13983.80	14079.95	13834.85	13958.95	89444	0	0
2021.04.30	13959.80	13971.45	13834.85	13886.60	97004	0	0
2021.05.03	13886.20	13962.10	13786.20	13798.85	83194	0	0
2021.05.04	13798.45	13806.45	13395.20	13531.85	102185	0	0
2021.05.05	13540.30	13678.80	13476.85	13497.20	92224	0	0
2021.05.06	13496.30	13623.45	13400.70	13619.20	111520	0	0
2021.05.07	13628.00	13826.15	13597.65	13731.45	95285	0	0
2021.05.10	13724.80	13762.20	13315.70	13316.95	99372	0	0
2021.05.11	13329.25	13385.15	13075.50	13321.40	138985	0	0
2021.05.12	13332.35	13361.00	12970.25	12976.15	146485	0	0
2021.05.13	12987.25	13232.65	12924.65	13097.40	140910	0	0
2021.05.14	13105.05	13434.45	13079.20	13409.45	104866	0	0
2021.05.17	13392.80	13457.45	13192.60	13325.15	113656	0	0
2021.05.18	13317.15	13441.30	13186.95	13195.95	88038	0	0
2021.05.19	13193.95	13248.90	12961.20	13220.15	130121	0	0
2021.05.20	13222.60	13528.75	13158.40	13501.50	96070	0	0
2021.05.21	13496.95	13575.80	13402.65	13419.80	91648	0	0
2021.05.24	13390.90	13692.30	13363.55	13657.30	79313	0	0
2021.05.25	13660.40	13744.80	13613.40	13669.05	87374	0	0
2021.05.26	13672.70	13734.60	13662.60	13711.60	73215	0	0
2021.05.27	13703.70	13725.85	13625.60	13696.85	80844	0	0
2021.05.28	13696.70	13768.85	13668.10	13694.60	64968	0	0
2021.05.31	13701.20	13724.85	13657.75	13659.10	29279	0	0
2021.06.01	13663.70	13777.85	13598.25	13651.10	72802	0	0
2021.06.02	13650.55	13717.20	13608.20	13678.45	74191	0	0
2021.06.03	13688.55	13710.20	13465.95	13531.20	85434	0	0
2021.06.04	13533.40	13787.05	13471.30	13765.80	76107	0	0
2021.06.07	13781.40	13826.05	13694.65	13824.30	75711	0	0
2021.06.08	13824.65	13919.60	13745.70	13812.60	79959	0	0
2021.06.09	13819.10	13908.90	13810.40	13817.20	69276	0	0
2021.06.10	13820.15	13981.05	13732.05	13979.30	75842	0	0
2021.06.11	13980.65	14001.55	13939.20	13995.05	62290	0	0
2021.06.14	14003.25	14143.40	13975.15	14127.40	54595	0	0
2021.06.15	14129.60	14172.25	14018.25	14055.75	62904	0	0
2021.06.16	14052.35	14112.65	13848.25	13955.00	71597	0	0
2021.06.17	13952.10	14216.50	13860.50	14192.50	98556	0	0
2021.06.18	14194.10	14222.40	14028.85	14035.25	96184	0	0
2021.06.21	14034.35	14161.25	13976.25	14155.50	103776	0	0
2021.06.22	14155.00	14295.90	14084.15	14288.90	77598	0	0
2021.06.23	14288.00	14332.90	14249.30	14290.15	68471	0	0
2021.06.24	14292.75	14439.40	14287.50	14374.65	63859	0	0
2021.06.25	14375.85	14410.90	14330.15	14347.75	65193	0	0
2021.06.28	14359.45	14537.50	14350.35	14517.00	65690	0	0
2021.06.29	14518.95	14602.35	14487.60	14600.10	64255	0	0
2021.06.30	14602.95	14615.60	14536.80	14573.10	67767	0	0
2021.07.01	14574.70	14622.45	14489.00	14560.85	72509	0	0
2021.07.02	14553.10	14745.00	14529.75	14717.00	67129	0	0
2021.07.05	14719.35	14738.00	14691.40	14709.00	27988	0	0
2021.07.06	14710.40	14804.55	14640.55	14775.80	79743	0	0
2021.07.07	14778.15	14898.90	14741.40	14824.55	85240	0	0
2021.07.08	14825.65	14836.55	14556.50	14728.25	116902	0	0
2021.07.09	14727.65	14846.70	14656.30	14828.05	90792	0	0
2021.07.12	14848.50	14902.00	14800.00	14888.25	74005	0	0
2021.07.13	14891.00	15010.25	14811.00	14874.75	76367	0	0
2021.07.14	14878.55	15009.55	14855.80	14910.55	88106	0	0
2021.07.15	14907.05	14976.05	14723.40	14785.15	98087	0	0
2021.07.16	14792.75	14882.50	14670.50	14682.25	96246	0	0
2021.07.19	14691.85	14695.10	14457.85	14602.35	129599	0	0
2021.07.20	14607.40	14795.65	14529.40	14733.15	105360	0	0
2021.07.21	14740.65	14850.15	14681.90	14847.65	89364	0	0
2021.07.22	14848.15	14993.90	14841.90	14987.15	75484	0	0
2021.07.23	14993.40	15131.90	14948.50	15102.40	68810	0	0
2021.07.26	15109.80	15148.80	15053.90	15131.30	82077	0	0
2021.07.27	15133.90	15146.35	14786.85	14902.60	103888	0	0
2021.07.28	14897.35	15086.45	14886.60	14995.10	113315	0	0
2021.07.29	14999.80	15096.55	14926.30	14934.05	84844	0	0
2021.07.30	14932.40	14990.65	14823.90	14974.15	103545	0	0
2021.08.02	14996.20	15067.95	14946.45	14970.45	88280	0	0
2021.08.03	14973.45	15063.20	14863.30	15048.10	89118	0	0
2021.08.04	15057.85	15123.60	15012.85	15096.10	78682	0	0
2021.08.05	15091.60	15181.45	15084.10	15175.60	64804	0	0
2021.08.06	15178.65	15182.15	15062.65	15101.55	66715	0	0
2021.08.09	15098.60	15157.75	15016.10	15134.45	66447	0	0
2021.08.10	15139.20	15169.60	15009.10	15058.75	65442	0	0
2021.08.11	15053.50	15131.50	14976.95	15021.35	74706	0	0
2021.08.12	15011.65	15101.40	14952.90	15086.65	59782	0	0
2021.08.13	15083.80	15152.65	15066.30	15133.15	52565	0	0
2021.08.16	15126.90	15149.00	14927.65	15136.65	74536	0	0
2021.08.17	15138.40	15143.15	14907.30	14975.40	94534	0	0
2021.08.18	14980.00	15044.25	14814.00	14829.75	88822	0	0
2021.08.19	14854.30	15005.30	14717.55	14952.30	124292	0	0
2021.08.20	14942.05	15106.30	14858.80	15101.55	98778	0	0
2021.08.23	15114.90	15342.70	15109.90	15328.70	68050	0	0
2021.08.24	15331.35	15390.00	15316.20	15365.00	62330	0	0
2021.08.25	15368.30	15404.80	15341.30	15372.55	63425	0	0
2021.08.26	15370.60	15374.85	15263.70	15295.35	80892	0	0
2021.08.27	15291.60	15451.60	15273.60	15430.10	64803	0	0
2021.08.30	15438.25	15626.85	15429.00	15614.15	55969	0	0
2021.08.31	15612.65	15686.90	15529.40	15611.40	80063	0	0
2021.09.01	15611.70	15708.45	15589.95	15617.95	68030	0	0
2021.09.02	15626.45	15691.70	15562.45	15609.20	68822	0	0
2021.09.03	15608.35	15687.70	15564.30	15662.30	68751	0	0
2021.09.06	15672.05	15720.20	15654.30	15711.80	24357	0	0
2021.09.07	15708.80	15713.55	15619.30	15682.55	71056	0	0
2021.09.08	15685.55	15702.80	15537.90	15624.80	86075	0	0
2021.09.09	15618.45	15688.05	15558.95	15574.55	83018	0	0
2021.09.10	15578.45	15680.20	15447.35	15464.85	73142	0	0
2021.09.13	15473.35	15578.35	15364.60	15470.95	89980	0	0
2021.09.14	15460.95	15543.95	15366.45	15412.95	80192	0	0
2021.09.15	15414.90	15534.80	15327.80	15530.70	77324	0	0
2021.09.16	15528.85	15553.10	15378.85	15515.10	76406	0	0
2021.09.17	15514.70	15549.20	15297.70	15308.45	88847	0	0
2021.09.20	15317.73	15355.33	14829.30	15014.05	133326	0	0
2021.09.21	15020.90	15183.15	14983.65	15010.15	110751	0	0
2021.09.22	15013.75	15246.50	14950.75	15188.25	101514	0	0
2021.09.23	15203.77	15366.25	15195.75	15309.75	89029	0	0
2021.09.24	15323.85	15353.60	15196.85	15337.10	88233	0	0
2021.09.27	15344.75	15419.00	15104.50	15199.25	91494	0	0
2021.09.28	15199.10	15211.60	14762.35	14789.60	123564	0	0
2021.09.29	14793.50	14944.25	14730.75	14784.00	119823	0	0
2021.09.30	14785.10	14901.60	14690.85	14697.85	117498	0	0
2021.10.01	14720.60	14835.60	14556.35	14786.60	125507	0	60
2021.10.04	14790.25	14850.75	14383.75	14507.50	137089	0	60
2021.10.05	14499.15	14769.15	14425.90	14661.65	116412	0	60
2021.10.06	14684.90	14784.90	14438.40	14776.40	134602	0	60
2021.10.07	14789.30	15015.20	14787.20	14900.95	94156	0	60
2021.10.08	14912.85	15010.10	14806.10	14823.12	105275	0	60
2021.10.11	14831.75	14911.75	14692.50	14700.00	108033	0	60
2021.10.12	14704.50	14798.25	14601.00	14617.50	113784	0	60
2021.10.13	14613.82	14810.65	14606.65	14783.15	100497	0	60
2021.10.14	14789.65	15083.85	14787.90	15074.45	73639	0	60
2021.10.15	15073.35	15158.60	15035.85	15154.35	80434	0	25
2021.10.18	15170.70	15311.00	15055.70	15305.15	84369	0	20
2021.10.19	15301.70	15440.45	15286.70	15422.50	74417	0	60
2021.10.20	15418.35	15460.65	15334.25	15371.75	77051	0	60
2021.10.21	15373.85	15497.50	15316.10	15395.10	77394	0	60
2021.10.22	15399.60	15477.20	15288.30	15336.05	88983	0	60
2021.10.25	15329.45	15559.95	15310.45	15551.45	80827	0	60
2021.10.26	15544.45	15715.55	15518.95	15548.70	89448	0	60
2021.10.27	15557.30	15729.40	15522.40	15602.70	94123	0	60
2021.10.28	15616.40	15790.10	15607.65	15679.40	91990	0	20
2021.10.29	15694.15	15876.00	15612.20	15869.95	97745	0	60
2021.11.01	15892.55	15930.05	15784.80	15903.80	85620	0	60
2021.11.02	15895.95	15995.60	15864.70	15973.95	82419	0	60
2021.11.03	15964.90	16161.05	15952.15	16142.90	79510	0	60
2021.11.04	16152.05	16390.55	16150.30	16348.05	83234	0	60
2021.11.05	16338.00	16460.60	16304.00	16355.25	96739	0	60
2021.11.08	16320.60	16404.55	16283.85	16335.25	92380	0	60
2021.11.09	16327.10	16402.45	16171.85	16211.10	97698	0	60
2021.11.10	16199.55	16252.30	15908.05	15996.15	91646	0	60
2021.11.11	16003.75	16123.40	15985.75	16046.75	75979	0	60
2021.11.12	16051.15	16221.90	16011.15	16208.40	68012	0	60
2021.11.15	16224.30	16284.05	16091.80	16199.05	68400	0	60
2021.11.16	16200.70	16329.70	16152.05	16298.80	66803	0	60
2021.11.17	16299.60	16399.60	16273.35	16323.10	66471	0	60
2021.11.18	16332.35	16506.35	16307.60	16501.60	73313	0	60
2021.11.19	16498.15	16637.00	16497.65	16597.15	86286	0	60
2021.11.22	16622.90	16780.70	16376.95	16395.35	81960	0	60
2021.11.23	16422.10	16431.05	16132.05	16306.05	104205	0	60
2021.11.24	16311.60	16379.85	16114.20	16364.85	94516	0	60
2021.11.25	16374.50	16447.35	16364.35	16416.12	28893	0	60
2021.11.26	16414.10	16416.85	16002.10	16050.70	108571	0	60
2021.11.29	16106.50	16451.10	16106.50	16425.60	110524	0	60
2021.11.30	16434.15	16469.40	16082.90	16244.15	128102	0	60
2021.12.01	16269.00	16440.10	15840.00	15877.75	116091	0	0
2021.12.02	15914.72	16076.95	15774.45	16019.45	131323	0	0
2021.12.03	16032.45	16133.20	15550.20	15698.45	124918	0	0
2021.12.06	15727.45	15908.70	15572.70	15856.45	119970	0	60
2021.12.07	15871.20	16387.35	15837.45	16380.45	93085	0	60
2021.12.08	16359.00	16446.40	16265.75	16399.00	95025	0	60
2021.12.09	16388.85	16432.35	16136.55	16168.80	86785	0	60
2021.12.10	16181.90	16354.85	16151.40	16337.35	79251	0	25
2021.12.13	16367.70	16430.20	16080.95	16114.10	87457	0	60
2021.12.14	16115.25	16148.75	15752.60	15947.00	99455	0	60
2021.12.15	15952.85	16316.50	15757.45	16300.85	98506	0	60
2021.12.16	16318.00	16473.50	15809.95	15896.10	107358	0	0
2021.12.17	15875.55	15973.05	15668.80	15842.30	121205	0	60
2021.12.20	15852.87	15862.85	15509.35	15695.35	129756	0	60
2021.12.21	15695.47	16002.55	15620.45	15993.70	100567	0	60
2021.12.22	15984.02	16197.00	15897.02	16196.00	89625	0	60
2021.12.23	16203.75	16369.30	16160.17	16315.70	64554	0	60
2021.12.27	16349.15	16595.15	16319.40	16587.05	66746	0	60
2021.12.28	16582.05	16671.15	16468.05	16529.65	79355	0	60
2021.12.29	16529.00	16578.50	16402.75	16495.75	76558	0	60
2021.12.30	16483.00	16581.45	16425.70	16440.60	68525	0	60
2021.12.31	16453.85	16477.90	16328.15	16343.40	69886	0	60
2022.01.03	16399.95	16521.45	16306.10	16504.55	79826	0	60
2022.01.04	16512.30	16574.80	16151.85	16270.30	90908	0	60
2022.01.05	16273.80	16277.10	15768.50	15770.00	103717	0	60
2022.01.06	15754.70	15905.85	15609.95	15795.95	132722	0	60
2022.01.07	15814.50	15863.25	15521.75	15585.75	113947	0	60
2022.01.10	15577.30	15681.95	15164.15	15626.90	124202	0	60
2022.01.11	15623.92	15850.70	15488.15	15835.95	116356	0	60
2022.01.12	15844.45	16022.95	15775.45	15915.75	108746	0	60
2022.01.13	15908.60	15991.60	15472.30	15504.05	107460	0	60
2022.01.14	15523.50	15629.75	15327.00	15628.50	133139	0	60
2022.01.17	15626.35	15650.45	15522.20	15571.97	58357	0	60
2022.01.18	15583.40	15616.65	15185.80	15254.80	131890	0	60
2022.01.19	15258.35	15385.10	15026.37	15051.60	136510	0	60
2022.01.20	15065.20	15353.60	14661.47	14683.45	128007	0	60
2022.01.21	14759.90	14872.15	14423.05	14440.40	155240	0	60
2022.01.24	14455.37	14591.50	13721.07	14507.37	135433	0	60
2022.01.25	14483.75	14512.35	13935.87	13944.12	121603	0	60
2022.01.26	14021.57	14652.70	13991.45	14160.60	138509	0	60
2022.01.27	14243.85	14422.45	13859.22	14106.60	139652	0	60
2022.01.28	14161.97	14453.30	13843.70	14438.55	123645	0	60
2022.01.31	14425.05	14926.80	14366.05	14873.80	112508	0	60
2022.02.01	14880.35	15147.90	14741.85	15112.40	84155	0	60
2022.02.02	15130.55	15273.80	14838.60	14857.05	74203	0	60
2022.02.03	14867.25	14882.50	14472.05	14798.55	86786	0	60
2022.02.04	14767.30	14835.30	14371.85	14657.10	112370	0	60
2022.02.07	14660.95	14818.70	14525.30	14613.70	129078	0	60
2022.02.08	14609.05	14787.95	14481.05	14755.05	115252	0	60
2022.02.09	14764.80	15080.30	14756.90	15063.90	93732	0	60
2022.02.10	15064.10	15068.50	14633.35	14695.35	80908	0	60
2022.02.11	14703.35	14777.10	14193.60	14243.60	111209	0	60
2022.02.14	14225.00	14402.95	14039.85	14261.60	94768	0	50
2022.02.15	14282.05	14624.05	14233.55	14579.30	79796	0	60
2022.02.16	14592.30	14675.05	14389.00	14587.25	75095	0	60
2022.02.17	14611.40	14625.65	14143.00	14170.25	113964	0	60
2022.02.18	14149.80	14305.95	13911.60	14006.00	128854	0	60
2022.02.21	13879.45	14162.80	13723.55	13742.45	84980	0	0
2022.02.22	13627.75	14114.35	13603.75	13953.25	159289	0	60
2022.02.23	13947.50	14074.75	13478.85	13501.10	124214	0	0
2022.02.24	13495.95	13987.35	13031.20	13928.60	169142	0	60
2022.02.25	13888.50	14199.00	13765.85	14197.00	150229	0	60
2022.02.28	13775.55	14295.50	13742.20	14223.10	149867	0	60
2022.03.01	14224.45	14331.95	13906.05	14026.30	135156	0	60
2022.03.02	14020.15	14293.50	13916.65	14178.80	120253	0	60
2022.03.03	14204.40	14394.00	13961.60	14054.60	118053	0	60
2022.03.04	14063.70	14088.95	13737.30	13807.45	113420	0	60
2022.03.07	13653.50	13881.25	13268.50	13292.25	95578	0	60
2022.03.08	13277.75	13667.75	13106.40	13197.00	97236	0	60
2022.03.09	13220.40	13824.05	13210.65	13783.50	92856	0	60
2022.03.10	13759.15	13777.40	13398.90	13577.90	86691	0	60
2022.03.11	13583.50	13861.00	13283.25	13308.65	74715	0	60
2022.03.14	13393.00	13444.70	13021.95	13077.45	81237	0	50
2022.03.15	13091.90	13492.60	12949.85	13461.10	80783	0	50
2022.03.16	13452.95	14031.75	13425.15	14011.15	82676	0	50
2022.03.17	13982.45	14137.90	13824.90	14060.40	81057	0	50
2022.03.18	14069.20	14444.35	13973.15	14436.35	75732	0	50
2022.03.21	14417.55	14471.15	14190.50	14403.60	73673	0	50
2022.03.22	14385.75	14694.95	14299.95	14662.95	85415	0	50
2022.03.23	14648.85	14687.25	14448.15	14465.65	103316	0	50
2022.03.24	14461.80	14774.55	14439.15	14768.15	103874	0	50
2022.03.25	14777.70	14843.60	14578.60	14755.70	103479	0	50
2022.03.28	14777.80	15001.75	14664.60	14986.10	109628	0	50
2022.03.29	14977.10	15273.95	14961.95	15239.05	106139	0	50
2022.03.30	15222.85	15266.70	15016.95	15117.20	105350	0	50
2022.03.31	15103.70	15186.90	14860.90	14926.55	100213	0	50
2022.04.01	14924.35	14963.30	14730.75	14841.45	103098	0	60
2022.04.04	14851.15	15179.05	14807.00	15167.55	88879	0	60
2022.04.05	15160.65	15199.75	14784.70	14856.70	91674	0	60
2022.04.06	14855.25	14856.25	14400.20	14503.60	116438	0	25
2022.04.07	14512.40	14636.10	14322.30	14533.70	118043	0	60
2022.04.08	14545.75	14644.25	14314.55	14337.45	106320	0	60
2022.04.11	14363.60	14373.35	13990.05	14007.10	116753	0	60
2022.04.12	14015.45	14286.45	13885.00	13950.25	121861	0	60
2022.04.13	13965.55	14270.00	13927.05	14221.55	109049	0	60
2022.04.14	14217.35	14300.00	13880.65	13896.80	104648	0	60
2022.04.18	13831.50	14007.40	13734.90	13973.80	95392	0	60
2022.04.19	13977.75	14246.45	13835.50	14096.05	110204	0	60
2022.04.20	14093.15	14303.55	13963.35	14073.85	118129	0	60
2022.04.21	14081.85	14288.35	13673.65	13727.85	117488	0	60
2022.04.22	13703.25	13784.75	13303.35	13331.35	130011	0	60
2022.04.25	13307.55	13556.95	13190.80	13536.30	152422	0	60
2022.04.26	13515.35	13590.50	12809.15	12818.55	127319	0	60
2022.04.27	12909.05	13260.25	12909.05	13187.05	154237	0	60
2022.04.28	13188.25	13548.10	13041.40	13321.50	132461	0	60
2022.04.29	13230.95	13440.05	12839.15	12892.55	136545	0	60
2022.05.02	12923.00	13091.30	12717.40	13063.95	145283	0	60
2022.05.03	13052.90	13190.45	12974.85	13110.25	105707	0	60
2022.05.04	13121.35	13561.40	12890.55	13494.55	106386	0	60
2022.05.05	13519.50	13552.90	12712.70	12908.60	129274	0	60
2022.05.06	12880.15	12930.55	12522.85	12668.35	147993	0	60
2022.05.09	12596.00	12641.00	12141.60	12209.30	143946	0	60
2022.05.10	12224.80	12550.35	12108.80	12331.65	144887	0	60
2022.05.11	12335.95	12558.80	11944.30	12026.80	135822	0	60
2022.05.12	11999.95	12133.80	11693.75	11893.50	153827	0	0
2022.05.13	11913.55	12434.40	11906.30	12373.40	123632	0	60
2022.05.16	12468.05	12499.65	12192.70	12234.20	132278	0	0
2022.05.17	12253.10	12579.40	12242.60	12574.60	114725	0	60
2022.05.18	12581.70	12593.20	11863.85	11894.50	115005	0	60
2022.05.19	11897.55	12075.25	11703.75	11903.90	145720	0	60
2022.05.20	11912.60	12095.40	11490.55	11835.30	127066	0	60
2022.05.23	11913.95	12075.95	11783.15	12053.40	129184	0	60
2022.05.24	11836.60	11897.60	11576.10	11802.10	127729	0	60
2022.05.25	11820.75	12034.20	11674.05	11868.95	127678	0	60
2022.05.26	11908.40	12342.05	11848.40	12258.75	115864	0	60
2022.05.27	12260.55	12718.05	12221.15	12710.35	103811	0	60
2022.05.30	12691.65	12881.10	12672.40	12808.20	55166	0	60
2022.05.31	12802.70	12826.10	12480.90	12661.25	131559	0	60
2022.06.01	12666.40	12821.50	12454.75	12542.20	118591	0	60
2022.06.02	12547.05	12897.00	12441.35	12894.25	112964	0	60
2022.06.03	12902.20	12944.95	12501.20	12547.10	105806	0	60
2022.06.06	12581.10	12811.50	12526.35	12600.05	107378	0	60
2022.06.07	12605.25	12738.70	12411.50	12682.20	107746	0	60
2022.06.08	12695.15	12781.60	12578.15	12617.15	105543	0	60
2022.06.09	12609.80	12725.55	12256.90	12292.30	109703	0	60
2022.06.10	12298.95	12338.45	11821.95	11865.95	106614	0	25
2022.06.13	11713.30	11725.55	11257.00	11339.65	130679	0	60
2022.06.14	11352.75	11509.75	11212.35	11337.25	125857	0	60
2022.06.15	11354.30	11767.10	11334.80	11608.45	123238	0	60
2022.06.16	11634.15	11745.25	11042.00	11170.00	136583	0	0
2022.06.17	11192.60	11370.30	11094.45	11279.05	133983	0	60
2022.06.20	11333.70	11413.45	11250.95	11397.45	66134	0	60
2022.06.21	11385.20	11652.45	11374.20	11564.45	99691	0	60
2022.06.22	11539.00	11720.95	11296.65	11519.20	112383	0	60
2022.06.23	11522.10	11742.60	11436.10	11665.90	123225	0	60
2022.06.24	11678.45	12117.70	11662.20	12082.70	97832	0	60
2022.06.27	12113.45	12236.00	11967.60	12047.70	111112	0	60
2022.06.28	12037.65	12149.30	11637.90	11648.90	108589	0	60
2022.06.29	11659.70	11725.45	11541.70	11672.70	111094	0	60
2022.06.30	11668.05	11674.80	11327.25	11501.70	118760	0	60
2022.07.01	11475.85	11601.60	11357.85	11589.85	122075	0	60
2022.07.04	11571.90	11590.90	11478.00	11532.15	53087	0	60
2022.07.05	11568.70	11789.45	11363.80	11787.20	119074	0	60
2022.07.06	11799.45	11948.80	11704.55	11873.95	118514	0	60
2022.07.07	11881.35	12142.45	11811.95	12090.20	96233	0	60
2022.07.08	12093.05	12186.70	11927.90	12134.75	104888	0	60
2022.07.11	12102.00	12106.40	11830.50	11884.40	101056	0	60
2022.07.12	11866.65	12000.75	11688.93	11755.83	108982	0	60
2022.07.13	11759.13	11942.73	11459.13	11708.63	117553	0	64
2022.07.14	11706.48	11810.33	11488.43	11786.43	120985	0	64
2022.07.15	11791.18	11997.33	11716.93	11990.83	104685	0	64
2022.07.18	12025.08	12160.31	11835.81	11886.66	96611	0	64
2022.07.19	11881.66	12303.96	11865.26	12294.71	93718	0	68
2022.07.20	12297.11	12493.11	12212.46	12401.96	104225	0	68
2022.07.21	12415.01	12630.76	12349.36	12538.26	112321	0	33
2022.07.22	12524.16	12671.81	12321.16	12390.66	99347	0	68
2022.07.25	12388.01	12479.26	12247.19	12312.29	98609	0	68
2022.07.26	12287.84	12314.49	12053.74	12163.09	91942	0	72
2022.07.27	12221.59	12672.04	12218.44	12563.14	94085	0	72
2022.07.28	12561.89	12929.14	12429.99	12897.14	99830	0	72
2022.07.29	12865.34	12988.34	12725.09	12953.34	96277	0	72
2022.08.01	12921.89	13089.24	12833.64	12958.64	96076	0	62
2022.08.02	12942.49	13078.97	12798.74	12899.72	106048	0	66
2022.08.03	12903.32	13291.32	12850.32	13235.07	98628	0	30
2022.08.04	13216.12	13334.87	13163.52	13307.37	94745	0	76
2022.08.05	13302.32	13363.97	13065.27	13169.02	87820	0	76
2022.08.08	13177.42	13399.12	13100.10	13174.10	115079	0	30
2022.08.09	13181.90	13212.60	12943.40	13028.80	105928	0	60
2022.08.10	13029.20	13384.00	12961.10	13369.70	101274	0	60
2022.08.11	13353.80	13554.10	13267.70	13323.30	107806	0	60
2022.08.12	13308.50	13560.60	13292.20	13557.20	95751	0	60
2022.08.15	13535.00	13685.30	13475.40	13658.70	93406	0	60
2022.08.16	13650.40	13722.30	13506.50	13636.30	99057	0	60
2022.08.17	13625.00	13647.80	13384.90	13469.80	108610	0	60
2022.08.18	13464.60	13556.20	13388.70	13516.90	103544	0	60
2022.08.19	13502.10	13511.70	13211.20	13231.50	101511	0	60
2022.08.22	13172.60	13204.40	12858.80	12915.70	105996	0	60
2022.08.23	12908.10	13000.70	12806.20	12871.30	110102	0	60
2022.08.24	12875.80	12995.90	12809.10	12940.60	103893	0	60
2022.08.25	12934.80	13147.50	12909.50	13127.70	101942	0	60
2022.08.26	13135.80	13205.40	12664.50	12668.90	103603	0	60
2022.08.29	12480.50	12598.20	12391.50	12490.90	127069	0	60
2022.08.30	12497.80	12646.30	12237.10	12350.40	121987	0	60
2022.08.31	12346.00	12500.70	12266.50	12290.70	123265	0	60
2022.09.01	12277.20	12289.90	12009.50	12282.60	133022	0	70
2022.09.02	12299.20	12454.20	12034.60	12125.30	127596	0	60
2022.09.05	12082.70	12161.40	12048.30	12132.20	73714	0	60
2022.09.06	12117.20	12238.80	11925.40	12014.20	127667	0	70
2022.09.07	12016.10	12298.10	11917.60	12258.20	121303	0	60
2022.09.08	12270.50	12376.10	12111.30	12343.00	121653	0	70
2022.09.09	12334.90	12609.10	12326.40	12586.80	97140	0	60
2022.09.12	12669.70	12770.30	12571.30	12766.70	103573	0	60
2022.09.13	12765.40	12880.05	12003.40	12047.30	113491	0	60
2022.09.14	12029.60	12170.20	11999.80	12169.90	130711	0	60
2022.09.15	12156.40	12186.20	11863.70	11888.50	117588	0	60
2022.09.16	11834.40	11876.40	11705.80	11864.40	121364	0	60
2022.09.19	11855.60	11992.30	11720.10	11980.80	112492	0	60
2022.09.20	11972.10	12019.80	11760.40	11871.50	114310	0	60
2022.09.21	11861.60	12067.80	11576.90	11605.20	115955	0	60
2022.09.22	11602.00	11725.70	11447.00	11501.40	141659	0	60
2022.09.23	11507.40	11535.70	11166.40	11329.30	130051	0	60
2022.09.26	11253.50	11476.10	11195.20	11254.90	150751	0	70
2022.09.27	11247.90	11505.00	11171.10	11286.20	135407	0	70
2022.09.28	11303.20	11547.00	11081.40	11474.10	153326	0	60
2022.09.29	11485.20	11497.90	11032.70	11170.60	144376	0	70
2022.09.30	11176.80	11297.60	10966.70	10991.60	148272	0	70
2022.10.03	10937.80	11298.70	10833.90	11248.50	139425	0	60
2022.10.04	11257.00	11611.10	11219.30	11580.20	131843	0	60
2022.10.05	11567.50	11649.40	11305.70	11571.60	128799	0	60
2022.10.06	11561.00	11667.70	11450.10	11452.90	134879	0	70
2022.10.07	11446.10	11506.10	10989.50	11044.50	128833	0	60
2022.10.10	10977.50	11078.60	10822.40	10943.80	186411	0	60
2022.10.11	10938.40	10984.20	10713.00	10820.80	224381	0	70
2022.10.12	10814.40	10920.70	10751.90	10796.90	220992	0	60
2022.10.13	10808.60	11090.50	10431.80	11016.00	209079	0	70
2022.10.14	11022.00	11200.20	10679.80	10701.00	228545	0	70
2022.10.17	10726.80	11091.70	10715.60	11090.50	198860	0	60
2022.10.18	11113.20	11378.30	11029.80	11283.90	216412	0	70
2022.10.19	11271.80	11331.90	11003.00	11103.70	211724	0	60
2022.10.20	11084.90	11281.40	10961.00	11025.30	219607	0	70
2022.10.21	11007.60	11341.00	10891.80	11330.60	209683	0	60
2022.10.24	11455.90	11485.10	11163.50	11414.90	246663	0	60
2022.10.25	11412.50	11685.70	11383.70	11540.50	197391	0	60
2022.10.26	11431.90	11656.90	11368.40	11429.00	213143	0	60
2022.10.27	11377.40	11489.80	10884.00	11049.40	218738	0	60
2022.10.28	11091.80	11578.50	11019.50	11577.10	207251	0	60
2022.10.31	11525.20	11547.00	11325.20	11423.70	177535	0	60
2022.11.01	11408.00	11578.10	11247.70	11277.50	182431	0	60
2022.11.02	11289.30	11418.20	10869.80	10912.50	185068	0	60
2022.11.03	10881.20	10957.80	10671.30	10701.40	195712	0	60
2022.11.04	10671.40	10938.40	10609.20	10840.10	208197	0	70
2022.11.07	10775.50	11001.90	10749.20	10971.90	195237	0	60
2022.11.08	10974.60	11194.00	10891.70	11061.20	184061	0	60
2022.11.09	11055.10	11124.80	10788.00	10813.80	205352	0	70
2022.11.10	10812.60	11633.80	10797.30	11628.20	197343	0	60
2022.11.11	11620.40	11841.30	11535.60	11803.30	208029	0	60
2022.11.14	11764.70	11862.90	11667.10	11726.50	180116	0	60
2022.11.15	11737.00	12083.30	11725.90	11850.80	207299	0	60
2022.11.16	11822.80	11922.90	11668.20	11734.80	201867	0	60
2022.11.17	11738.30	11787.80	11490.20	11707.30	186176	0	60
2022.11.18	11710.80	11807.10	11575.50	11678.00	176675	0	60
2022.11.21	11700.80	11707.20	11523.00	11562.90	172278	0	60
2022.11.22	11565.10	11731.60	11495.20	11711.40	157563	0	60
2022.11.23	11715.50	11868.70	11692.00	11851.50	152073	0	60
2022.11.24	11857.80	11908.90	11850.40	11892.20	65822	0	60
2022.11.25	11897.00	11899.80	11742.50	11763.20	96221	0	60
2022.11.28	11701.40	11765.70	11552.80	11605.90	168132	0	60
2022.11.29	11596.20	11681.50	11443.00	11497.90	169917	0	60
2022.11.30	11497.20	12055.40	11476.10	12044.90	182351	0	60
2022.12.01	12052.80	12115.70	11923.70	12023.80	187082	0	60
2022.12.02	12022.10	12048.70	11721.70	11963.70	172157	0	60
2022.12.05	11983.80	11993.20	11730.80	11796.40	167443	0	60
2022.12.06	11797.50	11829.00	11488.80	11554.50	179786	0	60
2022.12.07	11560.50	11581.80	11409.00	11487.40	181575	0	60
2022.12.08	11497.10	11674.90	11421.20	11628.60	168420	0	60
2022.12.09	11639.80	11725.70	11508.90	11552.70	155296	0	60
2022.12.12	11547.50	11705.90	11517.20	11687.20	135602	0	60
2022.12.13	11695.30	12203.80	11672.00	11831.10	182152	0	70
2022.12.14	11841.70	11943.50	11604.20	11767.60	172712	0	60
2022.12.15	11750.10	11774.50	11298.50	11346.60	180749	0	60
2022.12.16	11351.90	11383.40	11169.50	11210.80	184136	0	60
2022.12.19	11234.10	11304.00	11026.40	11075.30	162044	0	60
2022.12.20	11089.00	11144.10	10939.30	11083.40	194734	0	60
2022.12.21	11112.40	11287.50	11077.70	11252.00	172265	0	60
2022.12.22	11250.70	11282.90	10779.50	10945.20	168911	0	60
2022.12.23	10958.90	11049.10	10823.80	10977.30	161357	0	60
2022.12.27	11034.10	11090.50	10803.60	10824.80	150069	0	60
2022.12.28	10824.50	10904.20	10668.40	10692.90	162813	0	60
2022.12.29	10700.80	10982.80	10687.10	10942.50	145729	0	60
2022.12.30	10941.00	10966.60	10769.20	10953.80	145960	0	60
2023.01.03	11008.80	11096.90	10765.50	10859.70	196859	0	60
2023.01.04	10856.60	10982.90	10782.50	10893.60	174046	0	60
2023.01.05	10903.80	10961.90	10728.00	10759.90	173009	0	60
2023.01.06	10760.60	11087.20	10673.40	11026.40	165232	0	60
2023.01.09	11073.50	11307.10	11043.30	11103.20	162437	0	60
2023.01.10	11101.90	11211.00	11016.80	11203.50	159363	0	60
2023.01.11	11196.40	11401.10	11162.20	11395.40	146190	0	60
2023.01.12	11393.10	11502.70	11206.40	11450.90	173463	0	60
2023.01.13	11446.40	11549.70	11314.60	11535.70	158866	0	60
2023.01.16	11528.10	11568.60	11441.10	11498.90	68579	0	60
2023.01.17	11522.60	11620.40	11465.60	11556.70	149125	0	60
2023.01.18	11531.90	11690.90	11401.70	11408.00	159529	0	60
2023.01.19	11413.30	11421.50	11246.90	11328.90	160460	0	60
2023.01.20	11333.60	11623.40	11302.20	11607.50	140887	0	60
2023.01.23	11608.20	11922.30	11591.90	11874.20	141630	0	60
2023.01.24	11870.40	11947.60	11774.40	11912.40	140229	0	60
2023.01.25	11890.10	11890.80	11547.20	11803.40	159893	0	60
2023.01.26	11810.80	12055.50	11807.90	12001.60	154670	0	60
2023.01.27	11987.50	12250.60	11959.20	12165.60	146895	0	60
2023.01.30	12152.30	12195.90	11907.30	11932.10	167046	0	60
2023.01.31	11937.00	12101.90	11815.90	12061.50	164223	0	60
2023.02.01	12056.80	12471.40	12005.30	12457.90	160189	0	60
2023.02.02	12493.90	12894.30	12449.20	12628.70	190742	0	60
2023.02.03	12689.00	12831.20	12499.50	12567.50	192373	0	70
2023.02.06	12510.30	12557.50	12406.90	12459.20	171806	0	60
2023.02.07	12466.20	12774.90	12416.10	12696.50	173058	0	60
2023.02.08	12714.30	12764.90	12470.40	12512.20	168646	0	60
2023.02.09	12510.00	12682.20	12326.40	12398.30	173522	0	60
2023.02.10	12391.60	12406.80	12201.50	12295.50	178121	0	60
2023.02.13	12276.20	12524.60	12222.00	12503.90	150324	0	60
2023.02.14	12499.30	12641.60	12347.90	12579.40	175877	0	70
2023.02.15	12566.20	12710.20	12482.10	12700.70	164334	0	60
2023.02.16	12691.10	12746.40	12416.60	12430.50	165510	0	60
2023.02.17	12389.90	12410.70	12231.70	12351.30	166987	0	60
2023.02.20	12321.50	12381.10	12310.60	12331.30	62072	0	60
2023.02.21	12337.50	12343.60	12059.10	12076.70	157889	0	60
2023.02.22	12080.40	12159.70	12001.80	12071.80	166341	0	60
2023.02.23	12126.90	12227.80	12002.40	12163.40	157706	0	60
2023.02.24	12159.40	12184.90	11894.70	11976.30	162093	0	60
2023.02.27	11976.10	12163.20	11963.80	12067.30	152818	0	60
2023.02.28	12078.90	12147.40	12000.50	12020.90	154241	0	60
2023.03.01	12011.50	12116.30	11903.10	11962.90	171438	0	60
2023.03.02	11944.20	12074.80	11807.60	12038.40	179046	0	60
2023.03.03	12022.00	12305.20	11990.70	12304.60	151156	0	60
2023.03.06	12268.20	12466.90	12255.40	12305.40	157125	0	60
2023.03.07	12297.90	12362.60	12128.50	12162.40	158968	0	60
2023.03.08	12164.20	12240.20	12094.00	12222.10	173903	0	60
2023.03.09	12215.70	12338.80	11967.30	12000.80	178556	0	60
2023.03.10	11945.30	12097.20	11788.90	11846.10	201681	0	80
2023.03.13	11872.90	12087.30	11681.80	11944.00	219238	0	80
2023.03.14	11942.80	12218.40	11919.00	12194.70	186312	0	60
2023.03.15	12194.60	12273.90	11959.40	12267.40	230699	0	80
2023.03.16	12260.10	12597.20	12182.00	12574.80	214003	0	60
2023.03.17	12568.10	12672.60	12441.50	12519.10	194069	0	70
2023.03.20	12571.00	12609.20	12397.00	12570.20	212635	0	60
2023.03.21	12561.10	12763.40	12544.10	12746.10	156386	0	60
2023.03.22	12735.20	12947.80	12543.80	12570.00	155787	0	60
2023.03.23	12581.90	12896.70	12572.40	12753.20	175802	0	60
2023.03.24	12742.90	12792.50	12601.20	12792.50	184844	0	70
2023.03.27	12795.10	12849.10	12643.40	12693.00	156761	0	60
2023.03.28	12690.90	12711.40	12516.20	12625.80	142331	0	60
2023.03.29	12627.60	12868.80	12621.90	12840.20	135286	0	60
2023.03.30	12834.60	12990.10	12807.20	12970.20	139807	0	60
2023.03.31	12957.80	13188.00	12937.80	13183.90	136221	0	60
2023.04.03	13126.30	13158.70	13033.50	13141.10	147030	0	60
2023.04.04	13128.60	13225.70	13048.60	13109.00	143094	0	60
2023.04.05	13107.30	13126.40	12894.00	12960.20	142003	0	60
2023.04.06	12948.00	13078.70	12842.80	13048.90	140383	0	60
2023.04.07	13047.40	13082.15	13015.35	13076.90	19159	0	90
2023.04.10	13060.30	13089.70	12855.90	13055.40	124000	0	60
2023.04.11	13051.80	13096.50	12945.80	12968.20	137352	0	60
2023.04.12	12969.50	13130.80	12830.50	12846.20	146620	0	60
2023.04.13	12844.70	13124.60	12819.70	13084.60	140767	0	60
2023.04.14	13079.30	13152.00	12955.50	13104.60	148644	0	60
2023.04.17	13099.60	13117.20	12978.00	13087.20	143905	0	60
2023.04.18	13083.50	13197.60	13041.90	13091.80	134534	0	60
2023.04.19	13081.50	13131.80	12968.00	13072.00	132288	0	60
2023.04.20	13067.70	13105.70	12928.20	12998.80	144412	0	60
2023.04.21	12994.10	13032.20	12893.20	12989.00	137140	0	60
2023.04.24	12976.20	13047.80	12880.80	12966.00	129355	0	60
2023.04.25	12963.90	12974.20	12720.00	12831.20	143401	0	60
2023.04.26	12884.70	12929.50	12782.30	12883.70	166330	0	60
2023.04.27	12879.70	13252.60	12854.50	13198.60	135778	0	60
2023.04.28	13136.00	13258.60	13093.50	13250.30	153287	0	60
2023.05.01	13232.90	13289.30	13185.00	13214.00	120897	0	60
2023.05.02	13209.30	13259.10	13041.60	13095.70	143479	0	60
2023.05.03	13095.30	13236.50	13013.80	13014.10	144627	0	60
2023.05.04	12983.20	13100.20	12936.50	12975.00	163405	0	60
2023.05.05	12995.50	13291.80	12992.70	13243.70	133657	0	60
2023.05.08	13256.30	13304.70	13192.20	13275.00	120346	0	60
2023.05.09	13272.30	13284.10	13190.70	13202.10	115033	0	60
2023.05.10	13194.20	13385.40	13138.90	13345.50	146442	0	60
2023.05.11	13346.30	13413.40	13299.10	13392.40	143474	0	60
2023.05.12	13397.30	13433.70	13253.60	13314.10	131049	0	60
2023.05.15	13309.90	13421.00	13291.70	13406.10	124154	0	60
2023.05.16	13405.70	13499.40	13369.80	13451.90	125892	0	60
2023.05.17	13442.90	13609.50	13413.70	13584.70	126160	0	60
2023.05.18	13582.20	13858.20	13569.10	13853.90	135162	0	60
2023.05.19	13850.40	13906.70	13760.80	13787.60	150290	0	60
2023.05.22	13774.50	13892.50	13759.80	13863.20	129341	0	60
2023.05.23	13860.90	13923.50	13661.10	13682.70	142998	0	60
2023.05.24	13690.20	13769.40	13519.30	13768.90	154184	0	60
2023.05.25	13825.90	13993.55	13756.70	13948.30	170565	0	0
2023.05.26	13945.20	14328.60	13884.40	14324.80	146646	0	60
2023.05.29	14386.30	14405.40	14327.00	14367.10	53729	0	60
2023.05.30	14365.50	14529.00	14300.30	14370.20	159372	0	60
2023.05.31	14350.20	14389.50	14215.10	14249.90	162123	0	60
2023.06.01	14256.50	14496.00	14207.50	14461.90	157920	0	60
2023.06.02	14458.90	14593.90	14436.40	14551.80	143072	0	60
2023.06.05	14539.80	14663.80	14484.00	14560.00	151116	0	60
2023.06.06	14551.40	14595.80	14475.00	14565.70	145366	0	60
2023.06.07	14565.00	14647.10	14282.00	14295.70	148456	0	60
2023.06.08	14302.60	14507.40	14231.90	14503.90	153913	0	60
2023.06.09	14487.90	14670.80	14440.90	14549.00	131540	0	60
2023.06.12	14542.60	14812.40	14542.60	14808.70	114405	0	60
2023.06.13	14804.60	14952.60	14767.80	14913.50	147812	0	60
2023.06.14	14916.90	15045.50	14780.50	15043.30	151972	0	60
2023.06.15	15030.90	15250.90	14870.90	15175.20	165044	0	60
2023.06.16	15166.10	15282.70	15074.50	15113.00	153199	0	60
2023.06.19	15131.40	15136.00	15045.70	15055.10	59188	0	60
2023.06.20	15058.30	15129.40	14946.40	15064.80	141005	0	60
2023.06.21	15067.60	15088.40	14823.30	14863.20	149408	0	60
2023.06.22	14870.90	15059.70	14787.30	15056.80	149768	0	60
2023.06.23	15053.10	15059.00	14817.90	14888.70	156341	0	60
2023.06.26	14895.70	14984.60	14686.90	14705.90	159066	0	70
2023.06.27	14709.20	14970.10	14696.80	14922.40	141191	0	60
2023.06.28	14921.20	15052.90	14856.60	14989.80	151158	0	60
2023.06.29	14994.50	15034.30	14870.90	14952.50	142283	0	60
2023.06.30	14941.60	15218.00	14939.60	15155.50	135417	0	60
2023.07.03	15195.30	15235.60	15153.70	15202.40	87891	0	60
2023.07.04	15191.90	15215.10	15180.50	15189.40	32906	0	60
2023.07.05	15193.70	15279.60	15101.90	15199.60	126093	0	60
2023.07.06	15203.10	15211.80	14970.30	15073.90	143457	0	60
2023.07.07	15077.20	15212.90	15025.80	15044.20	139566	0	60
2023.07.10	15035.00	15076.50	14920.00	15053.00	149161	0	60
2023.07.11	15041.80	15136.90	14970.20	15120.70	135965	0	60
2023.07.12	15119.60	15364.50	15115.70	15317.20	136395	0	60
2023.07.13	15327.20	15603.00	15327.20	15557.60	126372	0	60
2023.07.14	15565.50	15721.60	15527.90	15557.10	138642	0	60
2023.07.17	15549.30	15747.70	15528.80	15692.90	123837	0	60
2023.07.18	15695.90	15898.30	15600.70	15819.50	130233	0	60
2023.07.19	15829.00	15932.50	15781.00	15811.60	136330	0	60
2023.07.20	15786.40	15790.00	15428.50	15477.80	155904	0	60
2023.07.21	15477.80	15600.70	15406.70	15438.00	147515	0	60
2023.07.24	15451.70	15509.80	15374.90	15457.50	139624	0	60
2023.07.25	15453.30	15624.20	15436.50	15608.10	127293	0	60
2023.07.26	15585.20	15599.00	15407.00	15517.00	152942	0	60
2023.07.27	15532.50	15795.00	15412.70	15483.60	161659	0	60
2023.07.28	15474.30	15790.10	15445.40	15736.70	170366	0	60
2023.07.31	15751.30	15811.70	15687.00	15770.80	143684	0	60
2023.08.01	15777.10	15790.70	15631.00	15711.10	132692	0	60
2023.08.02	15637.80	15692.10	15321.90	15354.40	174328	0	70
2023.08.03	15376.00	15464.80	15247.20	15351.70	180046	0	60
2023.08.04	15365.60	15527.70	15257.40	15286.20	170516	0	60
2023.08.07	15304.60	15411.60	15254.00	15410.80	152244	0	60
2023.08.08	15415.70	15415.70	15145.70	15273.10	163725	0	60
2023.08.09	15280.00	15356.10	15073.60	15124.60	150860	0	60
2023.08.10	15142.50	15366.80	15067.60	15146.50	169810	0	80
2023.08.11	15158.60	15196.50	14967.90	15037.10	161639	0	70
2023.08.14	15063.50	15211.80	14958.30	15210.00	163860	0	60
2023.08.15	15211.80	15267.40	15012.40	15047.60	163401	0	60
2023.08.16	15048.90	15099.20	14856.20	14870.00	168694	0	60
2023.08.17	14881.80	14952.70	14682.80	14683.80	168852	0	60
2023.08.18	14692.50	14746.30	14553.10	14691.10	174535	0	70
2023.08.21	14725.50	14959.70	14667.30	14916.30	158860	0	60
2023.08.22	14916.70	15065.60	14881.20	14907.10	153856	0	60
2023.08.23	14921.90	15297.20	14908.00	15282.80	150721	0	60
2023.08.24	15287.90	15367.30	14772.50	14785.10	168468	0	70
2023.08.25	14805.60	15005.40	14711.50	14930.30	165838	0	70
2023.08.28	14977.60	15088.70	14935.60	15058.00	142384	0	60
2023.08.29	15072.30	15390.90	15010.50	15385.00	138689	0	60
2023.08.30	15395.90	15484.00	15322.60	15472.40	142725	0	60
2023.08.31	15467.90	15573.90	15420.70	15506.00	129362	0	60
2023.09.01	15495.40	15627.80	15427.00	15484.10	139043	0	60
2023.09.04	15488.00	15554.40	15476.00	15499.70	53788	0	60
2023.09.05	15499.90	15559.30	15393.40	15488.70	142144	0	60
2023.09.06	15485.90	15503.80	15287.40	15363.10	138943	0	60
2023.09.07	15365.60	15371.10	15134.20	15266.70	149330	0	60
2023.09.08	15271.80	15375.90	15207.10	15304.40	142344	0	60
2023.09.11	15290.40	15483.60	15287.70	15460.20	133116	0	60
2023.09.12	15448.80	15465.70	15278.40	15300.20	131014	0	60
2023.09.13	15298.40	15415.40	15199.00	15370.30	163420	0	60
2023.09.14	15362.30	15513.80	15331.40	15487.40	149043	0	60
2023.09.15	15478.70	15519.60	15170.20	15202.70	153086	0	60
2023.09.18	15214.60	15270.70	15146.40	15236.40	136627	0	60
2023.09.19	15239.80	15253.90	15065.40	15197.20	129759	0	60
2023.09.20	15195.00	15247.70	14946.30	14955.80	142633	0	60
2023.09.21	14964.90	14968.00	14671.10	14675.60	162269	0	60
2023.09.22	14687.70	14858.80	14668.20	14707.60	160790	0	60
2023.09.25	14731.70	14789.10	14618.50	14786.90	158491	0	60
2023.09.26	14782.00	14783.20	14504.80	14561.10	164502	0	60
2023.09.27	14561.60	14663.80	14430.10	14606.50	163265	0	60
2023.09.28	14599.90	14791.10	14499.40	14726.90	180632	0	60
2023.09.29	14734.40	14905.30	14660.10	14747.60	171527	0	70
2023.10.02	14806.30	14895.70	14678.00	14849.90	177735	0	70
2023.10.03	14838.00	14874.40	14504.40	14573.40	180163	0	70
2023.10.04	14559.80	14806.20	14440.60	14752.00	194989	0	70
2023.10.05	14747.90	14809.80	14580.10	14715.70	178312	0	70
2023.10.06	14719.00	15021.60	14520.50	14994.20	171693	0	60
2023.10.09	14878.60	15072.00	14815.30	15047.30	210331	0	60
2023.10.10	15050.30	15242.10	15032.70	15139.70	221761	0	60
2023.10.11	15139.60	15278.40	15116.90	15273.10	212138	0	60
2023.10.12	15267.50	15338.00	15086.10	15193.40	207422	0	60
2023.10.13	15187.80	15239.00	14939.60	14987.00	175008	0	60
2023.10.16	15035.20	15211.90	14961.90	15173.30	152758	0	60
2023.10.17	15177.40	15188.50	14931.40	15121.50	176543	0	60
2023.10.18	15108.80	15116.10	14863.80	14946.40	194350	0	70
2023.10.19	14927.00	15027.20	14733.00	14743.50	208920	0	60
2023.10.20	14747.50	14782.50	14545.30	14555.40	197881	0	70
2023.10.23	14588.20	14751.80	14417.10	14647.40	187503	0	60
2023.10.24	14638.60	14849.60	14607.70	14732.70	194394	0	60
2023.10.25	14716.70	14723.60	14357.60	14388.60	191618	0	70
2023.10.26	14292.40	14372.70	14054.00	14124.00	218066	0	80
2023.10.27	14181.30	14324.60	14127.40	14188.10	192982	0	70
2023.10.30	14239.60	14394.30	14222.20	14322.70	171792	0	60
2023.10.31	14332.30	14421.90	14230.20	14365.80	195105	0	60
2023.11.01	14380.50	14679.40	14331.90	14673.60	177728	0	60
2023.11.02	14681.40	14933.90	14680.00	14882.80	168456	0	60
2023.11.03	14864.60	15149.90	14854.20	15108.00	155308	0	60
2023.11.06	15116.80	15180.90	15061.10	15145.60	148426	0	60
2023.11.07	15140.40	15336.20	15100.80	15300.70	151091	0	60
2023.11.08	15289.80	15343.80	15215.10	15290.70	151310	0	60
2023.11.09	15271.20	15385.90	15170.00	15188.60	157750	0	60
2023.11.10	15175.20	15542.80	15140.10	15518.60	163208	0	60
2023.11.13	15508.90	15524.80	15401.10	15490.30	148337	0	60
2023.11.14	15489.00	15850.10	15485.80	15827.00	147117	0	60
2023.11.15	15835.20	15976.00	15762.40	15772.30	168078	0	60
2023.11.16	15786.30	15842.60	15734.30	15835.80	167141	0	60
2023.11.17	15826.10	15878.90	15766.40	15813.90	155753	0	60
2023.11.20	15822.20	16059.00	15779.90	16027.50	154068	0	60
2023.11.21	16037.60	16063.80	15857.70	15912.60	152411	0	60
2023.11.22	15906.40	16123.50	15889.70	15992.90	152331	0	60
2023.11.23	15992.10	16039.70	15992.10	16013.30	50467	0	60
2023.11.24	16018.10	16022.20	15936.40	15968.30	85891	0	60
2023.11.27	15950.90	16047.30	15897.00	15961.20	132845	0	60
2023.11.28	15967.70	16032.20	15903.40	16015.30	142094	0	60
2023.11.29	16002.20	16167.20	15975.90	16007.80	154104	0	60
2023.11.30	16000.80	16062.00	15823.30	15924.50	153896	0	60
2023.12.01	15926.40	16017.60	15830.70	16000.80	142967	0	60
2023.12.04	15970.90	15973.70	15691.70	15823.20	156765	0	60
2023.12.05	15824.20	15933.00	15730.50	15872.30	158887	0	60
2023.12.06	15867.10	16010.60	15777.90	15787.70	153776	0	60
2023.12.07	15786.10	16043.50	15768.10	15993.60	160102	0	60
2023.12.08	16006.70	16102.60	15871.00	16075.00	147565	0	60
2023.12.11	16073.20	16233.40	16030.30	16228.70	148198	0	60
2023.12.12	16220.90	16375.40	16175.80	16372.70	137998	0	60
2023.12.13	16377.20	16585.40	16355.20	16545.20	138582	0	60
2023.12.14	16569.70	16662.90	16417.90	16532.30	182805	0	60
2023.12.15	16529.70	16678.60	16524.40	16602.90	168075	0	60
2023.12.18	16611.60	16765.10	16589.60	16709.80	144729	0	60
2023.12.19	16714.70	16817.60	16700.00	16810.70	146592	0	60
2023.12.20	16813.20	16862.90	16545.70	16572.40	145449	0	60
2023.12.21	16586.90	16768.10	16584.10	16752.90	159931	0	60
2023.12.22	16742.00	16844.50	16694.80	16761.70	154227	0	60
2023.12.26	16796.70	16910.10	16786.20	16883.10	97087	0	60
2023.12.27	16892.50	16931.90	16856.20	16929.30	131198	0	60
2023.12.28	16926.50	16973.70	16890.40	16898.70	122033	0	60
2023.12.29	16903.60	16943.60	16753.00	16823.20	131794	0	60
2024.01.02	16828.50	16850.90	16447.60	16554.70	158130	0	60
2024.01.03	16559.40	16560.40	16349.90	16365.60	161524	0	60
2024.01.04	16382.70	16421.60	16274.30	16291.30	153232	0	60
2024.01.05	16300.70	16419.30	16175.80	16303.50	157910	0	60
2024.01.08	16328.50	16653.90	16221.50	16632.70	162603	0	60
2024.01.09	16628.80	16714.80	16502.20	16678.80	163785	0	60
2024.01.10	16667.60	16832.00	16647.60	16803.30	157160	0	60
2024.01.11	16800.50	16901.10	16613.00	16815.90	174140	0	70
2024.01.12	16804.30	16900.20	16724.00	16813.10	186240	0	60
2024.01.15	16800.10	16880.40	16795.40	16828.10	75678	0	60
2024.01.16	16815.70	16898.70	16673.00	16835.80	194180	0	60
2024.01.17	16840.40	16846.30	16558.50	16728.60	190960	0	60
2024.01.18	16717.10	16996.60	16703.10	16986.60	191648	0	60
2024.01.19	16984.30	17339.50	16982.70	17334.90	184473	0	60
2024.01.22	17366.60	17452.80	17303.00	17333.50	184347	0	60
2024.01.23	17326.00	17431.40	17284.50	17431.40	171063	0	60
2024.01.24	17441.80	17668.00	17441.50	17498.60	171371	0	60
2024.01.25	17498.80	17632.00	17423.70	17473.90	189246	0	60
2024.01.26	17443.30	17517.70	17351.20	17388.10	179514	0	60
2024.01.29	17359.50	17604.30	17349.30	17589.80	145731	0	60
2024.01.30	17609.40	17624.40	17363.40	17365.70	162570	0	60
2024.01.31	17341.40	17378.40	17116.70	17154.60	183762	0	60
2024.02.01	17169.00	17528.40	17166.10	17528.30	181476	0	60
2024.02.02	17508.10	17682.50	17371.80	17606.90	181287	0	60
2024.02.05	17615.60	17654.00	17464.30	17606.20	173703	0	60
2024.02.06	17614.60	17679.40	17471.90	17561.70	166489	0	60
2024.02.07	17571.00	17788.30	17545.30	17762.20	160091	0	60
2024.02.08	17755.70	17814.00	17709.70	17784.60	142951	0	60
2024.02.09	17777.90	17989.20	17772.70	17954.50	139473	0	60
2024.02.12	17929.20	18041.90	17833.20	17842.40	130276	0	60
2024.02.13	17853.50	17886.70	17476.50	17626.90	173494	0	60
2024.02.14	17611.70	17813.50	17595.00	17801.10	166896	0	60
2024.02.15	17796.00	17900.90	17717.20	17887.50	158210	0	60
2024.02.16	17887.00	17961.00	17652.20	17657.80	159738	0	60
2024.02.19	17692.00	17744.90	17676.20	17737.30	74418	0	60
2024.02.20	17719.70	17720.30	17396.30	17533.20	185998	0	60
2024.02.21	17515.80	17625.50	17314.50	17616.10	177136	0	60
2024.02.22	17634.70	18035.90	17618.50	17971.00	181196	0	60
2024.02.23	17982.20	18095.20	17897.20	17919.00	160229	0	60
2024.02.26	17918.60	18013.20	17875.70	17906.90	154210	0	60
2024.02.27	17902.10	17995.60	17865.60	17976.80	152504	0	60
2024.02.28	17975.80	17975.80	17804.00	17805.80	155392	0	60
2024.02.29	17826.80	18071.10	17789.70	18032.70	165959	0	60
2024.03.01	18044.40	18335.00	17991.40	18280.10	159975	0	60
2024.03.04	18309.20	18340.40	18202.80	18205.30	150757	0	60
2024.03.05	18218.80	18219.10	17803.50	17948.60	169963	0	60
2024.03.06	17939.40	18147.70	17912.10	18015.70	175384	0	60
2024.03.07	18010.00	18338.70	17893.60	18217.70	189994	0	60
2024.03.08	18242.80	18417.20	17994.80	18039.40	195546	0	70
2024.03.11	17983.30	18036.50	17875.50	17977.30	183888	0	60
2024.03.12	17996.70	18227.80	17913.10	18212.50	163680	0	60
2024.03.13	18203.30	18245.60	18026.30	18091.30	159772	0	60
2024.03.14	18089.20	18173.00	17909.90	18018.40	167408	0	70
2024.03.15	18003.60	18073.70	17760.90	17816.90	166692	0	60
2024.03.18	17829.40	18126.60	17817.80	17984.10	165050	0	60
2024.03.19	17967.90	18044.50	17809.20	18032.80	176533	0	60
2024.03.20	18024.70	18296.60	17978.70	18290.80	147865	0	60
2024.03.21	18284.90	18467.30	18284.50	18335.50	161635	0	60
2024.03.22	18344.20	18389.50	18257.20	18326.60	164838	0	60
2024.03.25	18337.40	18364.50	18179.40	18289.60	145822	0	60
2024.03.26	18307.80	18387.10	18211.10	18247.10	146991	0	60
2024.03.27	18247.20	18353.40	18156.40	18288.80	142228	0	60
2024.03.28	18272.00	18313.10	18221.60	18237.20	152654	0	60
2024.04.01	18340.40	18392.10	18202.00	18286.10	135551	0	60
2024.04.02	18278.00	18303.60	17997.00	18137.40	164417	0	60
2024.04.03	18128.10	18245.70	18026.40	18183.80	161184	0	60
2024.04.04	18172.80	18367.30	17862.80	17886.00	154686	0	60
2024.04.05	17911.30	18210.00	17863.50	18105.60	188062	0	60
2024.04.08	18131.40	18183.00	18041.60	18115.60	166157	0	60
2024.04.09	18124.50	18212.20	17970.80	18187.90	162156	0	60
2024.04.10	18184.80	18273.15	17862.05	17996.15	172808	0	70
2024.04.11	17985.55	18341.35	17915.65	18308.55	184164	0	70
2024.04.12	18303.55	18329.85	17949.55	18008.75	181917	0	70
2024.04.15	18016.45	18176.75	17675.55	17685.75	202822	0	70
2024.04.16	17711.65	17821.65	17627.75	17724.85	209404	0	80
2024.04.17	17748.75	17805.85	17457.45	17502.35	198361	0	80
2024.04.18	17520.55	17616.75	17355.25	17366.15	186412	0	70
2024.04.19	17390.55	17403.25	16969.65	17030.85	244836	0	90
2024.04.22	17085.15	17305.65	17006.05	17193.85	187540	0	70
2024.04.23	17220.75	17516.85	17146.05	17515.25	181638	0	70
2024.04.24	17539.75	17656.45	17344.55	17369.55	183065	0	70
2024.04.25	17328.15	17697.65	17177.75	17695.95	197205	0	80
2024.04.26	17652.35	17771.85	17542.15	17710.15	182777	0	70
2024.04.29	17728.85	17821.15	17665.95	17788.35	172239	0	70
2024.04.30	17786.05	17796.85	17356.25	17396.85	161200	0	70
2024.05.01	17378.45	17673.05	17282.15	17354.35	174526	0	70
2024.05.02	17384.95	17648.05	17283.95	17641.45	184963	0	70
2024.05.03	17628.15	17936.55	17613.65	17908.65	158313	0	70
2024.05.06	17935.65	18093.95	17875.65	18080.15	135160	0	70
2024.05.07	18072.75	18157.85	18045.25	18095.65	141668	0	70
2024.05.08	18085.15	18137.85	17967.65	18053.05	139792	0	70
2024.05.09	18055.85	18141.85	18005.65	18131.05	142314	0	70
2024.05.10	18124.15	18251.25	18092.25	18146.15	136698	0	70
2024.05.13	18147.95	18239.15	18135.55	18188.85	129072	0	70
2024.05.14	18189.15	18336.65	18073.65	18313.55	147126	0	70
2024.05.15	18311.55	18608.05	18296.55	18586.25	150018	0	70
2024.05.16	18590.45	18671.75	18540.65	18547.75	161526	0	70
2024.05.17	18555.75	18595.25	18457.25	18542.55	148361	0	70
2024.05.20	18559.55	18706.65	18548.85	18656.65	129740	0	70
2024.05.21	18664.95	18722.05	18592.25	18719.25	124974	0	70
2024.05.22	18715.65	18806.45	18602.65	18729.25	140044	0	70
2024.05.23	18781.35	18948.55	18551.75	18611.65	165019	0	70
2024.05.24	18622.15	18854.95	18613.25	18799.45	148881	0	70
2024.05.27	18808.65	18886.45	18763.25	18880.65	57880	0	70
2024.05.28	18862.25	18910.25	18751.55	18878.85	156888	0	70
2024.05.29	18872.65	18881.95	18684.15	18686.65	169651	0	70
2024.05.30	18690.15	18725.35	18484.25	18521.65	168294	0	70
2024.05.31	18512.95	18608.65	18187.25	18522.15	187099	0	70
2024.06.03	18500.35	18703.95	18387.55	18612.65	181284	0	70
2024.06.04	18607.05	18700.95	18463.75	18657.05	180474	0	70
2024.06.05	18655.15	19043.25	18646.05	19038.05	157157	0	70
2024.06.06	19035.45	19075.65	18971.35	19020.95	158649	0	70
2024.06.07	19021.25	19116.05	18901.75	18987.95	165150	0	70
2024.06.10	19003.55	19093.05	18937.85	19063.75	165734	0	70
2024.06.11	19065.25	19223.05	18961.35	19206.45	166563	0	70
2024.06.12	19205.45	19578.29	19203.05	19573.79	112937	0	83
2024.06.13	19561.85	19658.99	19473.09	19567.99	96362	0	83
2024.06.14	19566.05	19677.79	19477.69	19667.39	104451	0	83
2024.06.17	19661.85	19980.65	19623.65	19887.05	98378	0	70
2024.06.18	19910.75	19982.35	19842.05	19915.85	100747	0	70
2024.06.19	19922.25	19965.35	19921.05	19944.55	37550	0	70
2024.06.20	19952.85	20086.35	19681.65	19769.85	105874	0	70
2024.06.21	19776.05	19817.15	19647.25	19736.45	103283	0	70
2024.06.24	19734.35	19757.75	19459.15	19482.75	130974	0	80
2024.06.25	19497.55	19715.55	19459.75	19699.35	130473	0	70
2024.06.26	19716.35	19805.25	19637.95	19681.45	137694	0	70
2024.06.27	19692.05	19854.95	19615.75	19807.15	159538	0	70
2024.06.28	19809.55	20026.05	19660.95	19726.05	169371	0	70
2024.07.01	19722.15	19829.85	19569.65	19799.95	183861	0	70
2024.07.02	19810.45	20015.55	19670.25	19991.75	176607	0	70
2024.07.03	19990.15	20199.85	19965.65	20184.45	117665	0	70
2024.07.04	20164.75	20180.35	20142.45	20143.55	50639	0	70
2024.07.05	20147.65	20405.25	20140.85	20366.05	156664	0	70
2024.07.08	20372.55	20459.55	20347.75	20450.75	150077	0	70
2024.07.09	20453.95	20545.95	20390.35	20460.25	153454	0	70
2024.07.10	20460.75	20688.85	20460.25	20662.85	138561	0	70
2024.07.11	20673.65	20758.75	20164.25	20223.15	164649	0	80
2024.07.12	20233.85	20530.65	20128.85	20330.15	178526	0	70
2024.07.15	20329.65	20591.45	20300.15	20414.75	171358	0	70
2024.07.16	20431.45	20481.15	20262.85	20394.15	173373	0	70
2024.07.17	20389.95	20392.15	19770.95	19817.45	209452	0	80
2024.07.18	19865.15	19970.45	19570.05	19759.45	220738	0	90
2024.07.19	19776.75	19795.65	19475.55	19522.85	212635	0	90
2024.07.22	19581.55	19861.95	19541.45	19786.95	217488	0	80
2024.07.23	19807.85	19911.15	19691.95	19786.95	193711	0	70
2024.07.24	19663.45	19673.35	19005.85	19106.05	207821	0	80
2024.07.25	19108.55	19228.75	18724.05	18820.85	267349	0	90
2024.07.26	18867.05	19148.15	18838.95	19027.45	226047	0	90
2024.07.29	19052.35	19228.45	18966.85	19061.45	216686	0	80
2024.07.30	19082.05	19170.55	18585.95	18745.15	210633	0	80
2024.07.31	18813.95	19501.45	18804.55	19434.05	245667	0	80
2024.08.01	19486.05	19575.25	18720.25	18795.25	262069	0	90
2024.08.02	18830.05	18830.05	18263.05	18398.65	250507	0	90
2024.08.05	18187.85	18264.25	17237.95	17995.25	243087	0	90
2024.08.06	18087.15	18371.15	17854.05	17988.25	238861	0	90
2024.08.07	17959.25	18448.25	17773.65	17774.65	236055	0	90
2024.08.08	17764.75	18485.25	17642.85	18453.45	223156	0	90
2024.08.09	18457.45	18572.95	18283.25	18497.05	214120	0	90
2024.08.12	18545.35	18664.25	18413.35	18529.45	170119	0	80
2024.08.13	18548.35	19020.55	18531.45	18987.45	188234	0	70
2024.08.14	19018.65	19109.65	18832.65	19049.25	198043	0	70
2024.08.15	19042.85	19502.95	19000.15	19477.05	175523	0	70
2024.08.16	19480.45	19584.05	19350.35	19519.25	180518	0	70
2024.08.19	19566.05	19776.35	19435.65	19764.45	165964	0	70
2024.08.20	19777.45	19835.95	19652.15	19717.65	167080	0	70
2024.08.21	19714.25	19896.05	19685.35	19827.05	175414	0	70
2024.08.22	19832.55	19936.75	19456.35	19528.75	186106	0	70
2024.08.23	19537.35	19823.95	19514.45	19701.25	178633	0	70
2024.08.26	19728.55	19770.05	19432.25	19480.85	183956	0	70
2024.08.27	19497.35	19622.95	19370.95	19561.35	171953	0	70
2024.08.28	19572.35	19620.35	19162.55	19221.55	187797	0	80
2024.08.29	19185.45	19630.95	19078.55	19377.05	220381	0	70
2024.08.30	19380.85	19582.25	19320.65	19545.25	182839	0	70
2024.09.02	19569.45	19619.35	19460.95	19598.95	77841	0	70
2024.09.03	19631.75	19634.65	18864.45	18923.75	215230	0	70
2024.09.04	18936.05	19067.75	18776.35	18907.45	231280	0	80
2024.09.05	18929.15	19107.95	18784.95	18880.15	215940	0	80
2024.09.06	18886.65	18937.35	18325.75	18336.25	223058	0	80
2024.09.09	18397.25	18701.45	18354.15	18683.85	211262	0	70
2024.09.10	18707.75	18846.65	18551.95	18796.75	202924	0	70
2024.09.11	18806.15	19266.05	18523.45	19218.05	225075	0	80
2024.09.12	19208.15	19458.25	19161.05	19383.85	212833	0	70
2024.09.13	19397.05	19556.95	19374.75	19488.65	179170	0	70
2024.09.16	19499.45	19525.75	19285.65	19409.15	172739	0	70
2024.09.17	19417.65	19604.35	19330.25	19442.35	190512	0	70
2024.09.18	19437.55	19654.55	19317.85	19396.35	174481	0	70
2024.09.19	19416.75	19955.25	19400.25	19818.45	223220	0	70
2024.09.20	19825.55	19847.45	19624.35	19779.55	181916	0	70
2024.09.23	19772.45	19926.65	19718.45	19833.85	175613	0	70
2024.09.24	19838.15	19992.45	19733.05	19961.75	178637	0	70
2024.09.25	19957.05	20048.95	19841.15	20018.55	168882	0	70
2024.09.26	20013.65	20313.95	19963.55	20115.95	184134	0	70
2024.09.27	20126.95	20174.95	19954.15	19982.35	198094	0	70
2024.09.30	19964.85	20070.95	19845.25	20033.15	197195	0	70
2024.10.01	20026.25	20118.05	19611.05	19750.65	200112	0	70
2024.10.02	19726.95	19884.05	19629.15	19860.55	191817	0	70
2024.10.03	19854.95	19910.85	19647.35	19770.05	207532	0	70
2024.10.04	19755.45	20069.35	19745.35	20000.05	206861	0	70
2024.10.07	20041.55	20066.65	19756.75	19834.25	208824	0	70
2024.10.08	19826.95	20135.05	19714.35	20095.25	209295	0	70
2024.10.09	20091.85	20289.35	20003.85	20243.55	187992	0	70
2024.10.10	20245.25	20320.15	20110.35	20251.15	178592	0	70
2024.10.11	20244.35	20315.55	20135.55	20236.45	155869	0	70
2024.10.14	20239.65	20500.45	20204.95	20452.25	148813	0	70
2024.10.15	20464.25	20482.65	20078.85	20158.65	179395	0	70
2024.10.16	20143.25	20221.45	20032.25	20158.75	169443	0	70
2024.10.17	20157.35	20418.45	20104.95	20211.65	190570	0	70
2024.10.18	20209.25	20366.45	20155.05	20322.15	159244	0	70
2024.10.21	20339.15	20391.95	20180.75	20384.55	166560	0	70
2024.10.22	20372.15	20444.45	20201.35	20369.95	182775	0	70
2024.10.23	20347.85	20385.95	19928.05	20131.85	169719	0	70
2024.10.24	20140.95	20277.15	20112.85	20231.45	175793	0	90
2024.10.25	20234.05	20565.25	20217.05	20333.55	167200	0	90
2024.10.28	20447.45	20535.15	20344.95	20370.95	188695	0	90
2024.10.29	20371.35	20617.55	20293.05	20561.25	184667	0	90
2024.10.30	20586.45	20649.15	20336.75	20383.05	193206	0	90
2024.10.31	20316.75	20327.85	19876.75	19917.65	213314	0	90
2024.11.01	19949.35	20165.65	19890.75	20041.45	205583	0	90
2024.11.04	19979.65	20128.45	19894.85	19990.55	197441	0	70
2024.11.05	20004.55	20268.35	19925.35	20240.55	182089	0	90
2024.11.06	20236.86	20811.56	20209.56	20799.86	235256	0	109
2024.11.07	20795.45	21137.15	20744.76	21105.46	195587	0	90
2024.11.08	21094.15	21154.15	21003.85	21118.46	172293	0	90
2024.11.11	21161.25	21231.35	20990.15	21109.86	162767	0	90
2024.11.12	21097.85	21144.25	20947.75	21078.96	191840	0	80
2024.11.13	21053.25	21161.55	20953.55	21058.04	191964	0	80
2024.11.14	21043.15	21083.75	20844.04	20871.04	197680	0	80
2024.11.15	20855.75	20859.15	20308.45	20402.44	208416	0	80
2024.11.18	20426.15	20627.25	20384.25	20537.14	190684	0	80
2024.11.19	20529.95	20699.95	20289.75	20672.44	213995	0	80
2024.11.20	20676.65	20784.15	20419.40	20667.79	144797	0	120
2024.11.21	20640.05	20816.35	20430.35	20711.54	241357	0	80
2024.11.22	20699.35	20799.35	20612.15	20796.54	221071	0	80
2024.11.25	20862.85	21002.15	20703.15	20823.34	173449	0	80
2024.11.26	20850.35	20950.65	20680.25	20927.24	207840	0	80
2024.11.27	20909.95	20943.05	20609.05	20739.44	177918	0	80
2024.11.28	20765.35	20843.45	20754.05	20821.35	61094	0	80
2024.11.29	20811.25	20955.15	20744.65	20926.65	130989	0	80
2024.12.02	20929.25	21200.05	20880.85	21154.74	171002	0	80
2024.12.03	21149.85	21273.54	21079.35	21272.44	152905	0	80
2024.12.04	21259.25	21497.65	21253.95	21460.44	155232	0	80
2024.12.05	21459.15	21518.05	21388.04	21406.14	144776	0	80
2024.12.06	21396.15	21625.55	21374.75	21589.74	151072	0	80
2024.12.09	21597.35	21663.25	21395.25	21433.94	161762	0	80
2024.12.10	21434.35	21567.55	21314.45	21395.84	151326	0	80
2024.12.11	21392.65	21782.95	21368.25	21719.94	149739	0	80
2024.12.12	21725.45	21739.25	21574.64	21612.84	152552	0	80
2024.12.13	21699.05	21884.95	21644.35	21736.84	168989	0	80
2024.12.16	21747.95	22131.95	21742.75	22090.64	170005	0	80
2024.12.17	22088.35	22106.15	21928.05	21980.74	189692	0	80
2024.12.18	21998.75	22072.95	20996.94	21144.14	185605	0	80
2024.12.19	21202.05	21403.15	21052.64	21124.64	253235	0	80
2024.12.20	21116.65	21529.95	20722.05	21253.44	262831	0	100
2024.12.23	21380.05	21505.15	21204.95	21466.24	223888	0	80
2024.12.24	21486.55	21794.15	21448.05	21791.85	115837	0	80
2024.12.26	21801.05	21860.05	21620.65	21743.34	166546	0	80
2024.12.27	21755.55	21771.65	21272.55	21486.74	185901	0	80
2024.12.30	21515.15	21515.15	21030.95	21171.74	205365	0	80
2024.12.31	21157.25	21303.25	20961.45	21014.74	190770	0	100
2025.01.02	21100.15	21273.95	20773.25	20974.14	240671	0	120
2025.01.03	20960.85	21359.25	20936.85	21286.54	186496	0	80
2025.01.06	21333.25	21703.45	21284.85	21589.84	207171	0	80
2025.01.07	21602.75	21616.45	21094.05	21194.74	213829	0	80
2025.01.08	21181.25	21262.95	20981.95	21147.14	228022	0	100
2025.01.09	21145.55	21166.45	21036.95	21121.35	89581	0	150
2025.01.10	21110.95	21199.25	20706.15	20828.14	225677	0	110
2025.01.13	20806.55	20868.45	20527.65	20817.04	231703	0	90
2025.01.14	20857.55	20979.15	20611.75	20810.94	226605	0	80
2025.01.15	20796.05	21288.55	20747.15	21213.04	177111	0	80
2025.01.16	21228.75	21403.45	21012.34	21047.64	219798	0	80
2025.01.17	21066.75	21529.45	21051.65	21431.74	192537	0	80
2025.01.20	21433.25	21624.00	21374.15	21533.50	128315	0	90
2025.01.21	21545.35	21632.04	21229.40	21623.74	204344	0	80
2025.01.22	21624.65	21944.85	21621.95	21822.04	174467	0	80
2025.01.23	21827.55	21903.84	21709.65	21870.54	175894	0	80
2025.01.24	21855.75	21941.45	21707.75	21763.94	184844	0	80
2025.01.27	21547.05	21574.45	20630.95	21166.14	309733	0	120
2025.01.28	21188.45	21496.95	21031.95	21436.64	228039	0	80
2025.01.29	21417.75	21570.95	21245.25	21464.34	207274	0	80
2025.01.30	21431.25	21626.75	21298.75	21496.74	211926	0	80
2025.01.31	21594.25	21846.55	21418.24	21449.34	206773	0	80
2025.02.03	20895.85	21463.54	20864.25	21461.44	273373	0	80
2025.02.04	21462.45	21584.85	21133.45	21491.74	212324	0	80
2025.02.05	21473.95	21687.44	21323.25	21648.14	208498	0	90
2025.02.06	21649.45	21777.85	21602.25	21732.74	188982	0	90
2025.02.07	21726.15	21869.55	21459.15	21487.44	196988	0	90
2025.02.10	21430.95	21796.15	21418.95	21738.64	168683	0	90
2025.02.11	21715.25	21776.45	21575.05	21698.04	175203	0	90
2025.02.12	21712.55	21763.84	21418.75	21763.44	185345	0	90
2025.02.13	21764.45	22033.75	21663.55	22000.34	198058	0	90
2025.02.14	21983.25	22135.25	21955.65	22117.64	169574	0	90
2025.02.17	22131.95	22199.65	22110.95	22149.95	76142	0	90
2025.02.18	22142.95	22237.35	22023.25	22138.14	166991	0	90
2025.02.19	22167.45	22223.05	22041.25	22147.14	169798	0	90
2025.02.20	22153.15	22156.95	21873.45	22059.04	179621	0	90
2025.02.21	22081.15	22175.85	21594.15	21602.24	189213	0	100
2025.02.24	21649.85	21746.65	21341.54	21356.24	219979	0	90
2025.02.25	21372.15	21387.85	20927.65	21127.34	245678	0	100
2025.02.26	21172.85	21347.43	21003.73	21157.74	214753	0	100
2025.02.27	21183.55	21326.93	20525.74	20589.54	250901	0	104
2025.02.28	20612.05	20891.00	20408.20	20849.10	261271	0	110
