DATE,OPEN,HIGH,LOW,CLOSE,VOLUME
2020-03-03,8838.5,9000.75,8540.64,8559.12,640841
2020-03-04,8547.8,8949.85,8511.88,8889.48,534261
2020-03-05,8885.85,8899.1,8612.16,8674.98,363011
2020-03-06,8672.3,8726.6,8314.22,8505.6,658061
2020-03-09,8173.85,8243.98,7823.6,7920.48,587381
2020-03-10,8019.65,8382.89,7937.17,8361.8,549281
2020-03-11,8244.63,8264.38,7897.68,8009.58,498351
2020-03-12,8090.38,8094.03,7135.14,7161.74,989136
2020-03-13,7193.1,7980.48,6945.98,7830.98,1431111
2020-03-16,7561.72,7562.22,6925.58,7041.32,752881
2020-03-17,7090.82,7554.32,6950.45,7364.95,933611
2020-03-18,7300.58,7342.2,6826.95,7256.32,986241
2020-03-19,7338.08,7520.08,6891.32,7203.58,1123021
2020-03-20,7162.2,7648.7,6902.08,6923.95,1254991
2020-03-23,6780.32,7323.82,6632.32,6984.52,1178801
2020-03-24,7028.02,7581.4,7028.02,7564.65,570131
2020-03-25,7561.02,7775.9,7382.52,7493.78,719521
2020-03-26,7508.78,7912.28,7326.28,7883.9,796881
2020-03-27,7906.9,7911.02,7570.28,7584.65,359231
2020-03-30,7561.52,7901.02,7429.28,7870.52,634481
2020-03-31,7871.52,8014.78,7765.52,7797.02,424021
2020-04-01,7790.65,7790.65,7423.78,7482.15,425241
2020-04-02,7488.9,7673.65,7394.9,7640.02,406381
2020-04-03,7641.4,7677.15,7440.28,7533.78,366121
2020-04-06,7557.02,8109.65,7557.02,8046.9,615381
2020-04-07,8040.4,8314.02,7958.52,8010.4,681001
2020-04-08,8022.4,8252.65,7964.4,8211.9,387001
2020-04-09,8199.78,8337.15,8114.4,8251.78,393501
2020-04-13,8315.78,8351.28,8083.4,8351.28,500261
2020-04-14,8352.15,8715.65,8332.4,8715.65,403001
2020-04-15,8713.52,8716.4,8498.9,8588.15,309631
2020-04-16,8587.78,8854.15,8512.78,8850.02,420501
2020-04-17,8943.65,8978.52,8702.15,8821.4,430491
2020-04-20,8808.02,8857.9,8699.15,8726.02,235501
2020-04-21,8714.65,8774.65,8356.02,8449.02,571631
2020-04-22,8463.9,8710.9,8413.65,8645.02,413381
2020-04-23,8647.28,8797.9,8593.52,8611.78,373261
2020-04-24,8591.15,8792.4,8509.28,8781.02,376371
2020-04-27,8825.9,8909.52,8742.4,8829.28,330861
2020-04-28,8830.9,8957.52,8666.15,8710.4,462241
2020-04-29,8780.52,9129.4,8745.28,9129.02,419741
2020-04-30,9112.78,9155.52,8868.78,8881.4,342101
2020-05-01,8853.52,8891.15,8683.15,8714.15,276631
2020-05-04,8623.52,8837.65,8567.52,8819.4,344381
2020-05-05,8818.15,9032.52,8809.15,8945.52,319371
2020-05-06,8939.65,9067.78,8889.28,8956.9,339751
2020-05-07,8958.9,9137.52,8940.9,9129.15,222991
2020-05-08,9121.15,9247.02,9112.78,9230.02,159611
2020-05-11,9204.02,9347.15,9127.15,9288.4,355621
2020-05-12,9290.15,9353.52,9049.65,9052.65,370241
2020-05-13,9054.02,9210.52,8886.52,9020.4,614381
2020-05-14,9023.02,9111.9,8855.52,9096.78,439001
2020-05-15,9091.52,9157.4,8933.28,9127.78,411981
2020-05-18,9122.9,9369.28,9120.02,9324.52,296901
2020-05-19,9327.28,9423.9,9291.02,9304.02,242501
2020-05-20,9290.4,9499.78,9277.28,9496.28,239121
2020-05-21,9501.15,9512.9,9356.52,9362.52,174131
2020-05-22,9361.9,9425.78,9246.15,9424.65,296511
2020-05-25,9397.4,9540.15,9394.65,9534.52,153881
2020-05-26,9533.02,9607.65,9377.02,9413.02,341261
2020-05-27,9412.15,9511.78,9179.02,9445.52,632151
2020-05-28,9436.9,9570.35,9325.52,9463.85,462711
2020-05-29,9458.6,9595.25,9377.0,9591.75,303351
2020-06-01,9493.45,9610.35,9455.2,9598.35,205401
2020-06-02,9594.45,9674.75,9509.7,9662.85,261701
2020-06-03,9661.75,9732.15,9639.65,9694.15,152601
2020-06-04,9690.0,9745.05,9575.15,9646.65,296451
2020-06-05,9643.75,9848.65,9605.65,9810.15,319601
2020-06-08,9821.6,9903.65,9750.0,9886.5,242401
2020-06-09,9885.35,10007.75,9814.5,9964.25,307601
2020-06-10,9966.6,10158.05,9961.25,10089.9,270301
2020-06-11,10087.45,10107.85,9585.85,9621.85,578401
2020-06-12,9611.9,9850.3,9495.35,9647.25,674551
2020-06-15,9537.2,9815.6,9381.7,9812.6,592401
2020-06-16,9811.2,10014.5,9799.2,9972.2,269601
2020-06-17,9966.55,10060.7,9928.95,9999.7,230351
2020-06-18,9989.8,10042.2,9879.95,10000.95,313351
2020-06-19,9996.35,10124.6,9928.2,9938.25,334701
2020-06-22,9878.55,10146.05,9855.95,10133.7,325051
2020-06-23,10134.4,10308.3,9985.05,10189.55,591351
2020-06-24,10194.4,10254.05,9940.2,10027.85,461151
2020-06-25,10020.3,10119.7,9898.45,10109.45,353351
2020-06-26,10102.15,10132.95,9836.95,9857.45,347301
2020-06-29,9794.35,10009.5,9741.6,9998.5,331651
2020-06-30,9991.3,10183.35,9952.2,10151.45,302151
2020-07-01,10149.8,10320.7,10088.2,10267.7,347101
2020-07-02,10266.85,10431.35,10257.75,10360.5,253551
2020-07-03,10358.15,10400.8,10320.3,10336.25,139101
2020-07-06,10359.75,10625.4,10352.5,10609.4,296151
2020-07-07,10613.05,10705.2,10516.7,10537.45,301401
2020-07-08,10536.2,10683.85,10516.2,10682.6,188901
2020-07-09,10692.85,10784.0,10571.0,10734.5,384351
2020-07-10,10736.9,10884.51,10636.65,10853.5,379121
2020-07-13,10859.7,11069.75,10573.55,10610.15,742851
2020-07-14,10614.8,10703.7,10370.2,10655.2,626601
2020-07-15,10723.7,10776.9,10562.0,10699.15,405251
2020-07-16,10701.1,10708.75,10486.55,10544.7,288001
2020-07-17,10549.2,10680.0,10534.85,10633.85,205651
2020-07-20,10630.25,10973.65,10557.15,10958.4,504851
2020-07-21,10959.75,11068.9,10796.25,10856.6,442151
2020-07-22,10852.9,10927.2,10772.6,10856.65,305451
2020-07-23,10860.1,10949.5,10525.75,10575.75,563151
2020-07-24,10579.4,10608.8,10313.8,10471.95,482551
2020-07-27,10492.3,10695.2,10412.95,10693.7,363101
2020-07-28,10692.3,10769.7,10525.45,10559.2,355401
2020-07-29,10571.9,10711.05,10524.3,10710.3,235101
2020-07-30,10708.5,10905.9,10513.5,10902.15,591151
2020-07-31,10917.3,10949.45,10701.8,10925.95,486651
2020-08-03,10941.35,11083.75,10887.25,11063.5,270851
2020-08-04,11062.6,11106.4,10994.9,11089.9,195701
2020-08-05,11088.15,11155.95,11068.05,11107.8,156151
2020-08-06,11102.25,11281.9,11061.4,11268.65,274601
2020-08-07,11267.45,11290.35,11043.25,11139.5,366251
2020-08-10,11148.35,11154.25,10936.35,11087.5,374951
2020-08-11,11075.45,11166.05,10853.65,10918.9,468251
2020-08-12,10947.1,11193.3,10887.25,11125.95,433251
2020-08-13,11122.65,11274.3,11102.8,11190.05,275601
2020-08-14,11188.9,11245.05,11103.55,11154.3,248401
2020-08-17,11155.7,11308.7,11155.7,11295.45,166251
2020-08-18,11291.75,11422.85,11275.05,11421.6,165751
2020-08-19,11417.2,11443.65,11303.8,11325.55,188051
2020-08-20,11319.7,11501.45,11226.05,11485.15,385351
2020-08-21,11486.55,11578.2,11411.95,11567.7,251351
2020-08-24,11591.15,11727.4,11534.0,11639.35,338601
2020-08-25,11641.7,11747.6,11580.75,11741.6,233801
2020-08-26,11741.2,12006.85,11732.1,11990.6,300101
2020-08-27,11985.6,12050.75,11839.5,11952.0,388901
2020-08-28,11955.5,12022.4,11925.15,12006.9,143101
2020-08-31,12011.5,12169.4,11993.4,12109.9,253601
2020-09-01,12113.05,12333.2,12097.7,12332.7,251351
2020-09-02,12325.35,12469.0,12176.55,12412.05,498201
2020-09-03,12412.1,12440.75,11661.65,11804.25,950351
2020-09-04,11729.7,11845.85,11145.2,11540.6,1212201
2020-09-07,11544.95,11549.35,11310.85,11500.8,432851
2020-09-08,11510.2,11587.6,11043.7,11047.35,624951
2020-09-09,11043.55,11481.5,10938.95,11373.35,755301
2020-09-10,11381.9,11569.05,11092.45,11181.05,752351
2020-09-11,11194.9,11359.8,10940.9,11075.8,718701
2020-09-14,11118.1,11366.65,11085.95,11277.0,402501
2020-09-15,11288.35,11498.4,11250.25,11465.25,319401
2020-09-16,11469.85,11551.9,11240.5,11267.0,419951
2020-09-17,11275.3,11305.45,10921.45,11081.95,574651
2020-09-18,11071.75,11176.9,10757.9,10953.65,719901
2020-09-21,10936.0,11025.85,10672.4,10997.6,645301
2020-09-22,10983.5,11208.15,10914.4,11169.9,401101
2020-09-23,11179.25,11238.9,10802.65,10835.65,528901
2020-09-24,10817.6,11028.0,10678.5,10924.75,591851
2020-09-25,10936.9,11182.05,10829.4,11150.3,491901
2020-09-28,11164.7,11419.6,11156.6,11410.35,280351
2020-09-29,11399.1,11464.0,11304.5,11335.25,255151
2020-09-30,11328.2,11541.7,11182.85,11372.85,673051
2020-10-01,11397.05,11614.1,11395.05,11586.45,248701
2020-10-02,11586.0,11619.65,11220.4,11267.15,479651
2020-10-05,11329.6,11511.1,11283.5,11484.5,300301
2020-10-06,11483.9,11539.3,11211.8,11220.9,392001
2020-10-07,11237.0,11521.65,11222.0,11490.65,345651
2020-10-08,11489.1,11593.9,11485.1,11574.5,132201
2020-10-09,11580.85,11754.35,11567.6,11740.25,214101
2020-10-12,11712.2,12212.6,11708.6,12105.6,614601
2020-10-13,12118.75,12263.9,12035.8,12097.4,434851
2020-10-14,12094.3,12193.7,11918.45,11960.2,416401
2020-10-15,11969.75,11998.65,11753.4,11900.15,420901
2020-10-16,11910.6,12038.5,11809.25,11812.0,359901
2020-10-19,11835.8,11967.45,11608.95,11709.7,590901
2020-10-20,11719.8,11808.1,11614.85,11666.65,333351
2020-10-21,11698.0,11794.0,11600.0,11702.65,383351
2020-10-22,11692.15,11738.95,11526.3,11672.3,405451
2020-10-23,11687.65,11706.7,11566.45,11683.8,276651
2020-10-26,11631.95,11710.1,11358.1,11511.35,583401
2020-10-27,11512.15,11637.8,11492.3,11568.65,234501
2020-10-28,11567.25,11581.65,11137.55,11190.8,511751
2020-10-29,11195.95,11471.5,11157.7,11258.85,564701
2020-10-30,11227.0,11295.4,10960.2,11102.3,545701
2020-11-02,11040.35,11227.0,10957.75,11089.5,489351
2020-11-03,11085.3,11360.45,11081.7,11260.7,382101
2020-11-04,11279.75,11857.9,11244.15,11828.65,678601
2020-11-05,11834.25,12130.9,11784.15,12104.15,423601
2020-11-06,12092.1,12118.95,11879.75,12104.7,465801
2020-11-09,12171.1,12418.25,11820.5,11854.15,878551
2020-11-10,11870.45,11908.6,11513.35,11631.95,552001
2020-11-11,11639.4,11927.7,11584.05,11904.2,422501
2020-11-12,11907.55,11985.45,11786.05,11872.95,364201
2020-11-13,11866.9,11961.55,11810.95,11953.55,214551
2020-11-16,11968.25,12073.4,11861.25,12050.15,342401
2020-11-17,12089.25,12105.5,11963.65,11978.15,172601
2020-11-18,11981.8,12033.95,11869.7,11880.95,227651
2020-11-19,11884.05,12008.2,11813.2,11973.2,300851
2020-11-20,11961.05,12029.45,11890.13,11917.2,234791
2020-11-23,11907.7,12010.6,11816.35,11925.6,370601
2020-11-24,11925.2,12113.25,11881.6,12110.6,277901
2020-11-25,12108.9,12186.55,12087.3,12177.3,130101
2020-11-26,12184.15,12231.8,12136.05,12162.8,170151
2020-11-27,12171.8,12316.45,12145.95,12280.35,232451
2020-11-30,12300.4,12344.8,12095.55,12327.3,471601
2020-12-01,12338.9,12516.3,12316.05,12463.3,276101
2020-12-02,12463.45,12476.6,12317.85,12467.6,313351
2020-12-03,12478.0,12543.3,12447.3,12491.4,178601
2020-12-04,12492.75,12538.65,12477.65,12511.9,115042
2020-12-07,12529.1,12615.0,12478.25,12574.5,162240
2020-12-08,12575.6,12655.45,12506.1,12650.7,150788
2020-12-09,12665.0,12678.4,12310.75,12355.5,234827
2020-12-10,12349.05,12453.35,12222.95,12393.45,250479
2020-12-11,12394.9,12418.55,12238.15,12374.8,242074
2020-12-14,12421.4,12558.05,12397.05,12481.05,189862
2020-12-15,12482.3,12617.45,12431.95,12607.45,192566
2020-12-16,12612.3,12713.95,12581.2,12686.7,159845
2020-12-17,12688.3,12775.05,12680.7,12762.3,145427
2020-12-18,12753.85,12796.95,12618.6,12757.85,190235
2020-12-21,12772.2,12790.2,12470.75,12702.1,320462
2020-12-22,12719.85,12772.0,12606.9,12719.25,255064
2020-12-23,12716.7,12751.85,12637.1,12669.85,189767
2020-12-24,12674.4,12736.95,12644.55,12715.55,98757
2020-12-28,12679.1,12868.75,12678.35,12855.25,148260
2020-12-29,12857.6,12930.35,12821.75,12872.0,171751
2020-12-30,12871.7,12923.15,12834.4,12855.4,155289
2020-12-31,12856.5,12909.15,12810.15,12899.4,121627
2021-01-04,12911.1,12973.0,12535.75,12701.75,278601
2021-01-05,12698.85,12821.2,12624.25,12816.95,240276
2021-01-06,12816.0,12856.65,12503.15,12672.35,385766
2021-01-07,12671.85,12970.85,12660.5,12939.85,230864
2021-01-08,12944.1,13138.85,12933.0,13137.1,249305
2021-01-11,13102.3,13119.2,12886.2,12918.95,259727
2021-01-12,12929.65,12972.8,12782.7,12897.3,228830
2021-01-13,12898.9,13016.45,12834.15,12989.25,203228
2021-01-14,12990.7,13042.1,12893.2,12911.85,201261
2021-01-15,12923.8,12943.95,12757.45,12774.95,264224
2021-01-18,12790.25,12829.9,12740.4,12824.4,85350
2021-01-19,12826.1,13047.4,12824.85,13046.65,141047
2021-01-20,13046.0,13343.0,13034.9,13306.0,184271
2021-01-21,13306.6,13439.85,13299.5,13413.7,188128
2021-01-22,13412.65,13417.05,13316.85,13369.7,192815
2021-01-25,13388.5,13571.05,13206.4,13479.7,251075
2021-01-26,13471.15,13615.05,13397.05,13567.55,225533
2021-01-27,13567.6,13602.25,12897.1,13074.95,346262
2021-01-28,13046.9,13407.8,12921.05,13167.05,384707
2021-01-29,13171.95,13199.6,12845.35,12883.85,449561
2021-02-01,12862.05,13285.75,12741.7,13251.1,322998
2021-02-02,13254.7,13524.75,13248.35,13515.1,238507
2021-02-03,13524.6,13600.25,13404.0,13430.5,233644
2021-02-04,13451.8,13582.7,13359.95,13573.45,199615
2021-02-05,13569.85,13648.35,13529.6,13615.1,183482
2021-02-08,13637.2,13702.0,13606.95,13696.85,182147
2021-02-09,13694.05,13744.45,13643.45,13707.7,149789
2021-02-10,13705.6,13781.15,13528.1,13671.25,221607
2021-02-11,13675.6,13753.5,13623.5,13719.75,193881
2021-02-12,13716.85,13829.75,13656.0,13829.25,151427
2021-02-15,13852.95,13888.35,13829.35,13881.85,41079
2021-02-16,13879.45,13910.35,13726.35,13767.35,189206
2021-02-17,13763.6,13791.5,13550.15,13705.3,235261
2021-02-18,13708.15,13728.8,13475.3,13640.3,240568
2021-02-19,13639.4,13734.55,13541.25,13579.5,234440
2021-02-22,13606.1,13634.5,13221.6,13225.35,294003
2021-02-23,13233.8,13341.7,12764.65,13160.15,384500
2021-02-24,13181.05,13338.95,12965.55,13326.35,370067
2021-02-25,13305.05,13360.2,12770.85,12789.7,421050
2021-02-26,12796.2,13095.95,12670.1,12905.8,522495
2021-03-01,12978.0,13324.65,12953.65,13323.4,299292
2021-03-02,13317.6,13335.0,13055.75,13065.25,329159
2021-03-03,13063.9,13197.55,12670.05,12680.05,351248
2021-03-04,12685.35,12801.1,12310.65,12440.75,487641
2021-03-05,12439.3,12701.7,12212.95,12656.95,477027
2021-03-08,12726.15,12765.05,12288.45,12344.55,441127
2021-03-09,12341.2,12872.1,12331.35,12795.6,331977
2021-03-10,12813.45,12997.85,12709.1,12789.1,363324
2021-03-11,12795.45,13123.6,12728.85,13050.1,281184
2021-03-12,13055.25,13101.4,12775.4,12942.0,306866
2021-03-15,12962.35,13105.75,12879.75,13088.85,240510
2021-03-16,13089.3,13304.6,13063.05,13170.2,245350
2021-03-17,13173.05,13288.45,12951.7,13188.7,837133
2021-03-18,13195.8,13283.95,12778.5,12809.35,814366
2021-03-19,12819.3,12915.05,12698.05,12846.2,757165
2021-03-22,12832.25,13173.6,12806.4,13080.95,471137
2021-03-23,13081.8,13188.2,12995.3,13047.55,592498
2021-03-24,13065.0,13159.95,12799.8,12808.8,632290
2021-03-25,12811.25,12875.15,12625.4,12805.9,819495
2021-03-26,12803.85,13005.25,12692.85,12978.75,602297
2021-03-29,12989.85,13018.6,12824.0,12980.0,219737
2021-03-30,12985.45,13000.1,12793.5,12902.1,109501
2021-03-31,12904.5,13174.15,12874.9,13102.9,91673
2021-04-01,13110.0,13350.4,13109.75,13344.65,85058
2021-04-02,13349.85,13408.1,13343.75,13368.25,18284
2021-04-05,13351.6,13632.0,13322.75,13618.5,67539
2021-04-06,13617.15,13669.05,13541.05,13597.05,87573
2021-04-07,13597.9,13656.45,13529.3,13635.55,82673
2021-04-08,13635.9,13805.05,13631.05,13800.3,75903
2021-04-09,13802.3,13855.95,13664.2,13828.2,82959
2021-04-12,13830.9,13848.8,13749.2,13840.8,89620
2021-04-13,13841.9,14011.4,13790.2,13994.45,83735
2021-04-14,13994.1,14046.15,13789.0,13838.0,90378
2021-04-15,13843.35,14050.5,13805.25,14010.0,85519
2021-04-16,14012.95,14075.85,13971.35,14042.7,81997
2021-04-19,13993.15,14069.4,13837.95,13909.45,99367
2021-04-20,13914.85,13949.75,13735.9,13749.5,105984
2021-04-21,13758.1,13942.0,13717.25,13907.25,93844
2021-04-22,13908.35,13959.05,13717.45,13777.55,102107
2021-04-23,13770.3,13992.03,13753.95,13921.2,80915
2021-04-26,13930.9,14052.15,13881.55,14034.65,78908
2021-04-27,14039.0,14064.65,13928.5,13966.4,74108
2021-04-28,13970.6,14008.25,13894.0,13991.5,82064
2021-04-29,13983.8,14079.95,13834.85,13958.95,89444
2021-04-30,13959.8,13971.45,13834.85,13886.6,97004
2021-05-03,13886.2,13962.1,13786.2,13798.85,83194
2021-05-04,13798.45,13806.45,13395.2,13531.85,102185
2021-05-05,13540.3,13678.8,13476.85,13497.2,92224
2021-05-06,13496.3,13623.45,13400.7,13619.2,111520
2021-05-07,13628.0,13826.15,13597.65,13731.45,95285
2021-05-10,13724.8,13762.2,13315.7,13316.95,99372
2021-05-11,13329.25,13385.15,13075.5,13321.4,138985
2021-05-12,13332.35,13361.0,12970.25,12976.15,146485
2021-05-13,12987.25,13232.65,12924.65,13097.4,140910
2021-05-14,13105.05,13434.45,13079.2,13409.45,104866
2021-05-17,13392.8,13457.45,13192.6,13325.15,113656
2021-05-18,13317.15,13441.3,13186.95,13195.95,88038
2021-05-19,13193.95,13248.9,12961.2,13220.15,130121
2021-05-20,13222.6,13528.75,13158.4,13501.5,96070
2021-05-21,13496.95,13575.8,13402.65,13419.8,91648
2021-05-24,13390.9,13692.3,13363.55,13657.3,79313
2021-05-25,13660.4,13744.8,13613.4,13669.05,87374
2021-05-26,13672.7,13734.6,13662.6,13711.6,73215
2021-05-27,13703.7,13725.85,13625.6,13696.85,80844
2021-05-28,13696.7,13768.85,13668.1,13694.6,64968
2021-05-31,13701.2,13724.85,13657.75,13659.1,29279
2021-06-01,13663.7,13777.85,13598.25,13651.1,72802
2021-06-02,13650.55,13717.2,13608.2,13678.45,74191
2021-06-03,13688.55,13710.2,13465.95,13531.2,85434
2021-06-04,13533.4,13787.05,13471.3,13765.8,76107
2021-06-07,13781.4,13826.05,13694.65,13824.3,75711
2021-06-08,13824.65,13919.6,13745.7,13812.6,79959
2021-06-09,13819.1,13908.9,13810.4,13817.2,69276
2021-06-10,13820.15,13981.05,13732.05,13979.3,75842
2021-06-11,13980.65,14001.55,13939.2,13995.05,62290
2021-06-14,14003.25,14143.4,13975.15,14127.4,54595
2021-06-15,14129.6,14172.25,14018.25,14055.75,62904
2021-06-16,14052.35,14112.65,13848.25,13955.0,71597
2021-06-17,13952.1,14216.5,13860.5,14192.5,98556
2021-06-18,14194.1,14222.4,14028.85,14035.25,96184
2021-06-21,14034.35,14161.25,13976.25,14155.5,103776
2021-06-22,14155.0,14295.9,14084.15,14288.9,77598
2021-06-23,14288.0,14332.9,14249.3,14290.15,68471
2021-06-24,14292.75,14439.4,14287.5,14374.65,63859
2021-06-25,14375.85,14410.9,14330.15,14347.75,65193
2021-06-28,14359.45,14537.5,14350.35,14517.0,65690
2021-06-29,14518.95,14602.35,14487.6,14600.1,64255
2021-06-30,14602.95,14615.6,14536.8,14573.1,67767
2021-07-01,14574.7,14622.45,14489.0,14560.85,72509
2021-07-02,14553.1,14745.0,14529.75,14717.0,67129
2021-07-05,14719.35,14738.0,14691.4,14709.0,27988
2021-07-06,14710.4,14804.55,14640.55,14775.8,79743
2021-07-07,14778.15,14898.9,14741.4,14824.55,85240
2021-07-08,14825.65,14836.55,14556.5,14728.25,116902
2021-07-09,14727.65,14846.7,14656.3,14828.05,90792
2021-07-12,14848.5,14902.0,14800.0,14888.25,74005
2021-07-13,14891.0,15010.25,14811.0,14874.75,76367
2021-07-14,14878.55,15009.55,14855.8,14910.55,88106
2021-07-15,14907.05,14976.05,14723.4,14785.15,98087
2021-07-16,14792.75,14882.5,14670.5,14682.25,96246
2021-07-19,14691.85,14695.1,14457.85,14602.35,129599
2021-07-20,14607.4,14795.65,14529.4,14733.15,105360
2021-07-21,14740.65,14850.15,14681.9,14847.65,89364
2021-07-22,14848.15,14993.9,14841.9,14987.15,75484
2021-07-23,14993.4,15131.9,14948.5,15102.4,68810
2021-07-26,15109.8,15148.8,15053.9,15131.3,82077
2021-07-27,15133.9,15146.35,14786.85,14902.6,103888
2021-07-28,14897.35,15086.45,14886.6,14995.1,113315
2021-07-29,14999.8,15096.55,14926.3,14934.05,84844
2021-07-30,14932.4,14990.65,14823.9,14974.15,103545
2021-08-02,14996.2,15067.95,14946.45,14970.45,88280
2021-08-03,14973.45,15063.2,14863.3,15048.1,89118
2021-08-04,15057.85,15123.6,15012.85,15096.1,78682
2021-08-05,15091.6,15181.45,15084.1,15175.6,64804
2021-08-06,15178.65,15182.15,15062.65,15101.55,66715
2021-08-09,15098.6,15157.75,15016.1,15134.45,66447
2021-08-10,15139.2,15169.6,15009.1,15058.75,65442
2021-08-11,15053.5,15131.5,14976.95,15021.35,74706
2021-08-12,15011.65,15101.4,14952.9,15086.65,59782
2021-08-13,15083.8,15152.65,15066.3,15133.15,52565
2021-08-16,15126.9,15149.0,14927.65,15136.65,74536
2021-08-17,15138.4,15143.15,14907.3,14975.4,94534
2021-08-18,14980.0,15044.25,14814.0,14829.75,88822
2021-08-19,14854.3,15005.3,14717.55,14952.3,124292
2021-08-20,14942.05,15106.3,14858.8,15101.55,98778
2021-08-23,15114.9,15342.7,15109.9,15328.7,68050
2021-08-24,15331.35,15390.0,15316.2,15365.0,62330
2021-08-25,15368.3,15404.8,15341.3,15372.55,63425
2021-08-26,15370.6,15374.85,15263.7,15295.35,80892
2021-08-27,15291.6,15451.6,15273.6,15430.1,64803
2021-08-30,15438.25,15626.85,15429.0,15614.15,55969
2021-08-31,15612.65,15686.9,15529.4,15611.4,80063
2021-09-01,15611.7,15708.45,15589.95,15617.95,68030
2021-09-02,15626.45,15691.7,15562.45,15609.2,68822
2021-09-03,15608.35,15687.7,15564.3,15662.3,68751
2021-09-06,15672.05,15720.2,15654.3,15711.8,24357
2021-09-07,15708.8,15713.55,15619.3,15682.55,71056
2021-09-08,15685.55,15702.8,15537.9,15624.8,86075
2021-09-09,15618.45,15688.05,15558.95,15574.55,83018
2021-09-10,15578.45,15680.2,15447.35,15464.85,73142
2021-09-13,15473.35,15578.35,15364.6,15470.95,89980
2021-09-14,15460.95,15543.95,15366.45,15412.95,80192
2021-09-15,15414.9,15534.8,15327.8,15530.7,77324
2021-09-16,15528.85,15553.1,15378.85,15515.1,76406
2021-09-17,15514.7,15549.2,15297.7,15308.45,88847
2021-09-20,15317.73,15355.33,14829.3,15014.05,133326
2021-09-21,15020.9,15183.15,14983.65,15010.15,110751
2021-09-22,15013.75,15246.5,14950.75,15188.25,101514
2021-09-23,15203.77,15366.25,15195.75,15309.75,89029
2021-09-24,15323.85,15353.6,15196.85,15337.1,88233
2021-09-27,15344.75,15419.0,15104.5,15199.25,91494
2021-09-28,15199.1,15211.6,14762.35,14789.6,123564
2021-09-29,14793.5,14944.25,14730.75,14784.0,119823
2021-09-30,14785.1,14901.6,14690.85,14697.85,117498
2021-10-01,14720.6,14835.6,14556.35,14786.6,125507
2021-10-04,14790.25,14850.75,14383.75,14507.5,137089
2021-10-05,14499.15,14769.15,14425.9,14661.65,116412
2021-10-06,14684.9,14784.9,14438.4,14776.4,134602
2021-10-07,14789.3,15015.2,14787.2,14900.95,94156
2021-10-08,14912.85,15010.1,14806.1,14823.12,105275
2021-10-11,14831.75,14911.75,14692.5,14700.0,108033
2021-10-12,14704.5,14798.25,14601.0,14617.5,113784
2021-10-13,14613.82,14810.65,14606.65,14783.15,100497
2021-10-14,14789.65,15083.85,14787.9,15074.45,73639
2021-10-15,15073.35,15158.6,15035.85,15154.35,80434
2021-10-18,15170.7,15311.0,15055.7,15305.15,84369
2021-10-19,15301.7,15440.45,15286.7,15422.5,74417
2021-10-20,15418.35,15460.65,15334.25,15371.75,77051
2021-10-21,15373.85,15497.5,15316.1,15395.1,77394
2021-10-22,15399.6,15477.2,15288.3,15336.05,88983
2021-10-25,15329.45,15559.95,15310.45,15551.45,80827
2021-10-26,15544.45,15715.55,15518.95,15548.7,89448
2021-10-27,15557.3,15729.4,15522.4,15602.7,94123
2021-10-28,15616.4,15790.1,15607.65,15679.4,91990
2021-10-29,15694.15,15876.0,15612.2,15869.95,97745
2021-11-01,15892.55,15930.05,15784.8,15903.8,85620
2021-11-02,15895.95,15995.6,15864.7,15973.95,82419
2021-11-03,15964.9,16161.05,15952.15,16142.9,79510
2021-11-04,16152.05,16390.55,16150.3,16348.05,83234
2021-11-05,16338.0,16460.6,16304.0,16355.25,96739
2021-11-08,16320.6,16404.55,16283.85,16335.25,92380
2021-11-09,16327.1,16402.45,16171.85,16211.1,97698
2021-11-10,16199.55,16252.3,15908.05,15996.15,91646
2021-11-11,16003.75,16123.4,15985.75,16046.75,75979
2021-11-12,16051.15,16221.9,16011.15,16208.4,68012
2021-11-15,16224.3,16284.05,16091.8,16199.05,68400
2021-11-16,16200.7,16329.7,16152.05,16298.8,66803
2021-11-17,16299.6,16399.6,16273.35,16323.1,66471
2021-11-18,16332.35,16506.35,16307.6,16501.6,73313
2021-11-19,16498.15,16637.0,16497.65,16597.15,86286
2021-11-22,16622.9,16780.7,16376.95,16395.35,81960
2021-11-23,16422.1,16431.05,16132.05,16306.05,104205
2021-11-24,16311.6,16379.85,16114.2,16364.85,94516
2021-11-25,16374.5,16447.35,16364.35,16416.12,28893
2021-11-26,16414.1,16416.85,16002.1,16050.7,108571
2021-11-29,16106.5,16451.1,16106.5,16425.6,110524
2021-11-30,16434.15,16469.4,16082.9,16244.15,128102
2021-12-01,16269.0,16440.1,15840.0,15877.75,116091
2021-12-02,15914.72,16076.95,15774.45,16019.45,131323
2021-12-03,16032.45,16133.2,15550.2,15698.45,124918
2021-12-06,15727.45,15908.7,15572.7,15856.45,119970
2021-12-07,15871.2,16387.35,15837.45,16380.45,93085
2021-12-08,16359.0,16446.4,16265.75,16399.0,95025
2021-12-09,16388.85,16432.35,16136.55,16168.8,86785
2021-12-10,16181.9,16354.85,16151.4,16337.35,79251
2021-12-13,16367.7,16430.2,16080.95,16114.1,87457
2021-12-14,16115.25,16148.75,15752.6,15947.0,99455
2021-12-15,15952.85,16316.5,15757.45,16300.85,98506
2021-12-16,16318.0,16473.5,15809.95,15896.1,107358
2021-12-17,15875.55,15973.05,15668.8,15842.3,121205
2021-12-20,15852.87,15862.85,15509.35,15695.35,129756
2021-12-21,15695.47,16002.55,15620.45,15993.7,100567
2021-12-22,15984.02,16197.0,15897.02,16196.0,89625
2021-12-23,16203.75,16369.3,16160.17,16315.7,64554
2021-12-27,16349.15,16595.15,16319.4,16587.05,66746
2021-12-28,16582.05,16671.15,16468.05,16529.65,79355
2021-12-29,16529.0,16578.5,16402.75,16495.75,76558
2021-12-30,16483.0,16581.45,16425.7,16440.6,68525
2021-12-31,16453.85,16477.9,16328.15,16343.4,69886
2022-01-03,16399.95,16521.45,16306.1,16504.55,79826
2022-01-04,16512.3,16574.8,16151.85,16270.3,90908
2022-01-05,16273.8,16277.1,15768.5,15770.0,103717
2022-01-06,15754.7,15905.85,15609.95,15795.95,132722
2022-01-07,15814.5,15863.25,15521.75,15585.75,113947
2022-01-10,15577.3,15681.95,15164.15,15626.9,124202
2022-01-11,15623.92,15850.7,15488.15,15835.95,116356
2022-01-12,15844.45,16022.95,15775.45,15915.75,108746
2022-01-13,15908.6,15991.6,15472.3,15504.05,107460
2022-01-14,15523.5,15629.75,15327.0,15628.5,133139
2022-01-17,15626.35,15650.45,15522.2,15571.97,58357
2022-01-18,15583.4,15616.65,15185.8,15254.8,131890
2022-01-19,15258.35,15385.1,15026.37,15051.6,136510
2022-01-20,15065.2,15353.6,14661.47,14683.45,128007
2022-01-21,14759.9,14872.15,14423.05,14440.4,155240
2022-01-24,14455.37,14591.5,13721.07,14507.37,135433
2022-01-25,14483.75,14512.35,13935.87,13944.12,121603
2022-01-26,14021.57,14652.7,13991.45,14160.6,138509
2022-01-27,14243.85,14422.45,13859.22,14106.6,139652
2022-01-28,14161.97,14453.3,13843.7,14438.55,123645
2022-01-31,14425.05,14926.8,14366.05,14873.8,112508
2022-02-01,14880.35,15147.9,14741.85,15112.4,84155
2022-02-02,15130.55,15273.8,14838.6,14857.05,74203
2022-02-03,14867.25,14882.5,14472.05,14798.55,86786
2022-02-04,14767.3,14835.3,14371.85,14657.1,112370
2022-02-07,14660.95,14818.7,14525.3,14613.7,129078
2022-02-08,14609.05,14787.95,14481.05,14755.05,115252
2022-02-09,14764.8,15080.3,14756.9,15063.9,93732
2022-02-10,15064.1,15068.5,14633.35,14695.35,80908
2022-02-11,14703.35,14777.1,14193.6,14243.6,111209
2022-02-14,14225.0,14402.95,14039.85,14261.6,94768
2022-02-15,14282.05,14624.05,14233.55,14579.3,79796
2022-02-16,14592.3,14675.05,14389.0,14587.25,75095
2022-02-17,14611.4,14625.65,14143.0,14170.25,113964
2022-02-18,14149.8,14305.95,13911.6,14006.0,128854
2022-02-21,13879.45,14162.8,13723.55,13742.45,84980
2022-02-22,13627.75,14114.35,13603.75,13953.25,159289
2022-02-23,13947.5,14074.75,13478.85,13501.1,124214
2022-02-24,13495.95,13987.35,13031.2,13928.6,169142
2022-02-25,13888.5,14199.0,13765.85,14197.0,150229
2022-02-28,13775.55,14295.5,13742.2,14223.1,149867
2022-03-01,14224.45,14331.95,13906.05,14026.3,135156
2022-03-02,14020.15,14293.5,13916.65,14178.8,120253
2022-03-03,14204.4,14394.0,13961.6,14054.6,118053
2022-03-04,14063.7,14088.95,13737.3,13807.45,113420
2022-03-07,13653.5,13881.25,13268.5,13292.25,95578
2022-03-08,13277.75,13667.75,13106.4,13197.0,97236
2022-03-09,13220.4,13824.05,13210.65,13783.5,92856
2022-03-10,13759.15,13777.4,13398.9,13577.9,86691
2022-03-11,13583.5,13861.0,13283.25,13308.65,74715
2022-03-14,13393.0,13444.7,13021.95,13077.45,81237
2022-03-15,13091.9,13492.6,12949.85,13461.1,80783
2022-03-16,13452.95,14031.75,13425.15,14011.15,82676
2022-03-17,13982.45,14137.9,13824.9,14060.4,81057
2022-03-18,14069.2,14444.35,13973.15,14436.35,75732
2022-03-21,14417.55,14471.15,14190.5,14403.6,73673
2022-03-22,14385.75,14694.95,14299.95,14662.95,85415
2022-03-23,14648.85,14687.25,14448.15,14465.65,103316
2022-03-24,14461.8,14774.55,14439.15,14768.15,103874
2022-03-25,14777.7,14843.6,14578.6,14755.7,103479
2022-03-28,14777.8,15001.75,14664.6,14986.1,109628
2022-03-29,14977.1,15273.95,14961.95,15239.05,106139
2022-03-30,15222.85,15266.7,15016.95,15117.2,105350
2022-03-31,15103.7,15186.9,14860.9,14926.55,100213
2022-04-01,14924.35,14963.3,14730.75,14841.45,103098
2022-04-04,14851.15,15179.05,14807.0,15167.55,88879
2022-04-05,15160.65,15199.75,14784.7,14856.7,91674
2022-04-06,14855.25,14856.25,14400.2,14503.6,116438
2022-04-07,14512.4,14636.1,14322.3,14533.7,118043
2022-04-08,14545.75,14644.25,14314.55,14337.45,106320
2022-04-11,14363.6,14373.35,13990.05,14007.1,116753
2022-04-12,14015.45,14286.45,13885.0,13950.25,121861
2022-04-13,13965.55,14270.0,13927.05,14221.55,109049
2022-04-14,14217.35,14300.0,13880.65,13896.8,104648
2022-04-18,13831.5,14007.4,13734.9,13973.8,95392
2022-04-19,13977.75,14246.45,13835.5,14096.05,110204
2022-04-20,14093.15,14303.55,13963.35,14073.85,118129
2022-04-21,14081.85,14288.35,13673.65,13727.85,117488
2022-04-22,13703.25,13784.75,13303.35,13331.35,130011
2022-04-25,13307.55,13556.95,13190.8,13536.3,152422
2022-04-26,13515.35,13590.5,12809.15,12818.55,127319
2022-04-27,12909.05,13260.25,12909.05,13187.05,154237
2022-04-28,13188.25,13548.1,13041.4,13321.5,132461
2022-04-29,13230.95,13440.05,12839.15,12892.55,136545
2022-05-02,12923.0,13091.3,12717.4,13063.95,145283
2022-05-03,13052.9,13190.45,12974.85,13110.25,105707
2022-05-04,13121.35,13561.4,12890.55,13494.55,106386
2022-05-05,13519.5,13552.9,12712.7,12908.6,129274
2022-05-06,12880.15,12930.55,12522.85,12668.35,147993
2022-05-09,12596.0,12641.0,12141.6,12209.3,143946
2022-05-10,12224.8,12550.35,12108.8,12331.65,144887
2022-05-11,12335.95,12558.8,11944.3,12026.8,135822
2022-05-12,11999.95,12133.8,11693.75,11893.5,153827
2022-05-13,11913.55,12434.4,11906.3,12373.4,123632
2022-05-16,12468.05,12499.65,12192.7,12234.2,132278
2022-05-17,12253.1,12579.4,12242.6,12574.6,114725
2022-05-18,12581.7,12593.2,11863.85,11894.5,115005
2022-05-19,11897.55,12075.25,11703.75,11903.9,145720
2022-05-20,11912.6,12095.4,11490.55,11835.3,127066
2022-05-23,11913.95,12075.95,11783.15,12053.4,129184
2022-05-24,11836.6,11897.6,11576.1,11802.1,127729
2022-05-25,11820.75,12034.2,11674.05,11868.95,127678
2022-05-26,11908.4,12342.05,11848.4,12258.75,115864
2022-05-27,12260.55,12718.05,12221.15,12710.35,103811
2022-05-30,12691.65,12881.1,12672.4,12808.2,55166
2022-05-31,12802.7,12826.1,12480.9,12661.25,131559
2022-06-01,12666.4,12821.5,12454.75,12542.2,118591
2022-06-02,12547.05,12897.0,12441.35,12894.25,112964
2022-06-03,12902.2,12944.95,12501.2,12547.1,105806
2022-06-06,12581.1,12811.5,12526.35,12600.05,107378
2022-06-07,12605.25,12738.7,12411.5,12682.2,107746
2022-06-08,12695.15,12781.6,12578.15,12617.15,105543
2022-06-09,12609.8,12725.55,12256.9,12292.3,109703
2022-06-10,12298.95,12338.45,11821.95,11865.95,106614
2022-06-13,11713.3,11725.55,11257.0,11339.65,130679
2022-06-14,11352.75,11509.75,11212.35,11337.25,125857
2022-06-15,11354.3,11767.1,11334.8,11608.45,123238
2022-06-16,11634.15,11745.25,11042.0,11170.0,136583
2022-06-17,11192.6,11370.3,11094.45,11279.05,133983
2022-06-20,11333.7,11413.45,11250.95,11397.45,66134
2022-06-21,11385.2,11652.45,11374.2,11564.45,99691
2022-06-22,11539.0,11720.95,11296.65,11519.2,112383
2022-06-23,11522.1,11742.6,11436.1,11665.9,123225
2022-06-24,11678.45,12117.7,11662.2,12082.7,97832
2022-06-27,12113.45,12236.0,11967.6,12047.7,111112
2022-06-28,12037.65,12149.3,11637.9,11648.9,108589
2022-06-29,11659.7,11725.45,11541.7,11672.7,111094
2022-06-30,11668.05,11674.8,11327.25,11501.7,118760
2022-07-01,11475.85,11601.6,11357.85,11589.85,122075
2022-07-04,11571.9,11590.9,11478.0,11532.15,53087
2022-07-05,11568.7,11789.45,11363.8,11787.2,119074
2022-07-06,11799.45,11948.8,11704.55,11873.95,118514
2022-07-07,11881.35,12142.45,11811.95,12090.2,96233
2022-07-08,12093.05,12186.7,11927.9,12134.75,104888
2022-07-11,12102.0,12106.4,11830.5,11884.4,101056
2022-07-12,11866.65,12000.75,11688.93,11755.83,108982
2022-07-13,11759.13,11942.73,11459.13,11708.63,117553
2022-07-14,11706.48,11810.33,11488.43,11786.43,120985
2022-07-15,11791.18,11997.33,11716.93,11990.83,104685
2022-07-18,12025.08,12160.31,11835.81,11886.66,96611
2022-07-19,11881.66,12303.96,11865.26,12294.71,93718
2022-07-20,12297.11,12493.11,12212.46,12401.96,104225
2022-07-21,12415.01,12630.76,12349.36,12538.26,112321
2022-07-22,12524.16,12671.81,12321.16,12390.66,99347
2022-07-25,12388.01,12479.26,12247.19,12312.29,98609
2022-07-26,12287.84,12314.49,12053.74,12163.09,91942
2022-07-27,12221.59,12672.04,12218.44,12563.14,94085
2022-07-28,12561.89,12929.14,12429.99,12897.14,99830
2022-07-29,12865.34,12988.34,12725.09,12953.34,96277
2022-08-01,12921.89,13089.24,12833.64,12958.64,96076
2022-08-02,12942.49,13078.97,12798.74,12899.72,106048
2022-08-03,12903.32,13291.32,12850.32,13235.07,98628
2022-08-04,13216.12,13334.87,13163.52,13307.37,94745
2022-08-05,13302.32,13363.97,13065.27,13169.02,87820
2022-08-08,13177.42,13399.12,13100.1,13174.1,115079
2022-08-09,13181.9,13212.6,12943.4,13028.8,105928
2022-08-10,13029.2,13384.0,12961.1,13369.7,101274
2022-08-11,13353.8,13554.1,13267.7,13323.3,107806
2022-08-12,13308.5,13560.6,13292.2,13557.2,95751
2022-08-15,13535.0,13685.3,13475.4,13658.7,93406
2022-08-16,13650.4,13722.3,13506.5,13636.3,99057
2022-08-17,13625.0,13647.8,13384.9,13469.8,108610
2022-08-18,13464.6,13556.2,13388.7,13516.9,103544
2022-08-19,13502.1,13511.7,13211.2,13231.5,101511
2022-08-22,13172.6,13204.4,12858.8,12915.7,105996
2022-08-23,12908.1,13000.7,12806.2,12871.3,110102
2022-08-24,12875.8,12995.9,12809.1,12940.6,103893
2022-08-25,12934.8,13147.5,12909.5,13127.7,101942
2022-08-26,13135.8,13205.4,12664.5,12668.9,103603
2022-08-29,12480.5,12598.2,12391.5,12490.9,127069
2022-08-30,12497.8,12646.3,12237.1,12350.4,121987
2022-08-31,12346.0,12500.7,12266.5,12290.7,123265
2022-09-01,12277.2,12289.9,12009.5,12282.6,133022
2022-09-02,12299.2,12454.2,12034.6,12125.3,127596
2022-09-05,12082.7,12161.4,12048.3,12132.2,73714
2022-09-06,12117.2,12238.8,11925.4,12014.2,127667
2022-09-07,12016.1,12298.1,11917.6,12258.2,121303
2022-09-08,12270.5,12376.1,12111.3,12343.0,121653
2022-09-09,12334.9,12609.1,12326.4,12586.8,97140
2022-09-12,12669.7,12770.3,12571.3,12766.7,103573
2022-09-13,12765.4,12880.05,12003.4,12047.3,113491
2022-09-14,12029.6,12170.2,11999.8,12169.9,130711
2022-09-15,12156.4,12186.2,11863.7,11888.5,117588
2022-09-16,11834.4,11876.4,11705.8,11864.4,121364
2022-09-19,11855.6,11992.3,11720.1,11980.8,112492
2022-09-20,11972.1,12019.8,11760.4,11871.5,114310
2022-09-21,11861.6,12067.8,11576.9,11605.2,115955
2022-09-22,11602.0,11725.7,11447.0,11501.4,141659
2022-09-23,11507.4,11535.7,11166.4,11329.3,130051
2022-09-26,11253.5,11476.1,11195.2,11254.9,150751
2022-09-27,11247.9,11505.0,11171.1,11286.2,135407
2022-09-28,11303.2,11547.0,11081.4,11474.1,153326
2022-09-29,11485.2,11497.9,11032.7,11170.6,144376
2022-09-30,11176.8,11297.6,10966.7,10991.6,148272
2022-10-03,10937.8,11298.7,10833.9,11248.5,139425
2022-10-04,11257.0,11611.1,11219.3,11580.2,131843
2022-10-05,11567.5,11649.4,11305.7,11571.6,128799
2022-10-06,11561.0,11667.7,11450.1,11452.9,134879
2022-10-07,11446.1,11506.1,10989.5,11044.5,128833
2022-10-10,10977.5,11078.6,10822.4,10943.8,186411
2022-10-11,10938.4,10984.2,10713.0,10820.8,224381
2022-10-12,10814.4,10920.7,10751.9,10796.9,220992
2022-10-13,10808.6,11090.5,10431.8,11016.0,209079
2022-10-14,11022.0,11200.2,10679.8,10701.0,228545
2022-10-17,10726.8,11091.7,10715.6,11090.5,198860
2022-10-18,11113.2,11378.3,11029.8,11283.9,216412
2022-10-19,11271.8,11331.9,11003.0,11103.7,211724
2022-10-20,11084.9,11281.4,10961.0,11025.3,219607
2022-10-21,11007.6,11341.0,10891.8,11330.6,209683
2022-10-24,11455.9,11485.1,11163.5,11414.9,246663
2022-10-25,11412.5,11685.7,11383.7,11540.5,197391
2022-10-26,11431.9,11656.9,11368.4,11429.0,213143
2022-10-27,11377.4,11489.8,10884.0,11049.4,218738
2022-10-28,11091.8,11578.5,11019.5,11577.1,207251
2022-10-31,11525.2,11547.0,11325.2,11423.7,177535
2022-11-01,11408.0,11578.1,11247.7,11277.5,182431
2022-11-02,11289.3,11418.2,10869.8,10912.5,185068
2022-11-03,10881.2,10957.8,10671.3,10701.4,195712
2022-11-04,10671.4,10938.4,10609.2,10840.1,208197
2022-11-07,10775.5,11001.9,10749.2,10971.9,195237
2022-11-08,10974.6,11194.0,10891.7,11061.2,184061
2022-11-09,11055.1,11124.8,10788.0,10813.8,205352
2022-11-10,10812.6,11633.8,10797.3,11628.2,197343
2022-11-11,11620.4,11841.3,11535.6,11803.3,208029
2022-11-14,11764.7,11862.9,11667.1,11726.5,180116
2022-11-15,11737.0,12083.3,11725.9,11850.8,207299
2022-11-16,11822.8,11922.9,11668.2,11734.8,201867
2022-11-17,11738.3,11787.8,11490.2,11707.3,186176
2022-11-18,11710.8,11807.1,11575.5,11678.0,176675
2022-11-21,11700.8,11707.2,11523.0,11562.9,172278
2022-11-22,11565.1,11731.6,11495.2,11711.4,157563
2022-11-23,11715.5,11868.7,11692.0,11851.5,152073
2022-11-24,11857.8,11908.9,11850.4,11892.2,65822
2022-11-25,11897.0,11899.8,11742.5,11763.2,96221
2022-11-28,11701.4,11765.7,11552.8,11605.9,168132
2022-11-29,11596.2,11681.5,11443.0,11497.9,169917
2022-11-30,11497.2,12055.4,11476.1,12044.9,182351
2022-12-01,12052.8,12115.7,11923.7,12023.8,187082
2022-12-02,12022.1,12048.7,11721.7,11963.7,172157
2022-12-05,11983.8,11993.2,11730.8,11796.4,167443
2022-12-06,11797.5,11829.0,11488.8,11554.5,179786
2022-12-07,11560.5,11581.8,11409.0,11487.4,181575
2022-12-08,11497.1,11674.9,11421.2,11628.6,168420
2022-12-09,11639.8,11725.7,11508.9,11552.7,155296
2022-12-12,11547.5,11705.9,11517.2,11687.2,135602
2022-12-13,11695.3,12203.8,11672.0,11831.1,182152
2022-12-14,11841.7,11943.5,11604.2,11767.6,172712
2022-12-15,11750.1,11774.5,11298.5,11346.6,180749
2022-12-16,11351.9,11383.4,11169.5,11210.8,184136
2022-12-19,11234.1,11304.0,11026.4,11075.3,162044
2022-12-20,11089.0,11144.1,10939.3,11083.4,194734
2022-12-21,11112.4,11287.5,11077.7,11252.0,172265
2022-12-22,11250.7,11282.9,10779.5,10945.2,168911
2022-12-23,10958.9,11049.1,10823.8,10977.3,161357
2022-12-27,11034.1,11090.5,10803.6,10824.8,150069
2022-12-28,10824.5,10904.2,10668.4,10692.9,162813
2022-12-29,10700.8,10982.8,10687.1,10942.5,145729
2022-12-30,10941.0,10966.6,10769.2,10953.8,145960
2023-01-03,11008.8,11096.9,10765.5,10859.7,196859
2023-01-04,10856.6,10982.9,10782.5,10893.6,174046
2023-01-05,10903.8,10961.9,10728.0,10759.9,173009
2023-01-06,10760.6,11087.2,10673.4,11026.4,165232
2023-01-09,11073.5,11307.1,11043.3,11103.2,162437
2023-01-10,11101.9,11211.0,11016.8,11203.5,159363
2023-01-11,11196.4,11401.1,11162.2,11395.4,146190
2023-01-12,11393.1,11502.7,11206.4,11450.9,173463
2023-01-13,11446.4,11549.7,11314.6,11535.7,158866
2023-01-16,11528.1,11568.6,11441.1,11498.9,68579
2023-01-17,11522.6,11620.4,11465.6,11556.7,149125
2023-01-18,11531.9,11690.9,11401.7,11408.0,159529
2023-01-19,11413.3,11421.5,11246.9,11328.9,160460
2023-01-20,11333.6,11623.4,11302.2,11607.5,140887
2023-01-23,11608.2,11922.3,11591.9,11874.2,141630
2023-01-24,11870.4,11947.6,11774.4,11912.4,140229
2023-01-25,11890.1,11890.8,11547.2,11803.4,159893
2023-01-26,11810.8,12055.5,11807.9,12001.6,154670
2023-01-27,11987.5,12250.6,11959.2,12165.6,146895
2023-01-30,12152.3,12195.9,11907.3,11932.1,167046
2023-01-31,11937.0,12101.9,11815.9,12061.5,164223
2023-02-01,12056.8,12471.4,12005.3,12457.9,160189
2023-02-02,12493.9,12894.3,12449.2,12628.7,190742
2023-02-03,12689.0,12831.2,12499.5,12567.5,192373
2023-02-06,12510.3,12557.5,12406.9,12459.2,171806
2023-02-07,12466.2,12774.9,12416.1,12696.5,173058
2023-02-08,12714.3,12764.9,12470.4,12512.2,168646
2023-02-09,12510.0,12682.2,12326.4,12398.3,173522
2023-02-10,12391.6,12406.8,12201.5,12295.5,178121
2023-02-13,12276.2,12524.6,12222.0,12503.9,150324
2023-02-14,12499.3,12641.6,12347.9,12579.4,175877
2023-02-15,12566.2,12710.2,12482.1,12700.7,164334
2023-02-16,12691.1,12746.4,12416.6,12430.5,165510
2023-02-17,12389.9,12410.7,12231.7,12351.3,166987
2023-02-20,12321.5,12381.1,12310.6,12331.3,62072
2023-02-21,12337.5,12343.6,12059.1,12076.7,157889
2023-02-22,12080.4,12159.7,12001.8,12071.8,166341
2023-02-23,12126.9,12227.8,12002.4,12163.4,157706
2023-02-24,12159.4,12184.9,11894.7,11976.3,162093
2023-02-27,11976.1,12163.2,11963.8,12067.3,152818
2023-02-28,12078.9,12147.4,12000.5,12020.9,154241
2023-03-01,12011.5,12116.3,11903.1,11962.9,171438
2023-03-02,11944.2,12074.8,11807.6,12038.4,179046
2023-03-03,12022.0,12305.2,11990.7,12304.6,151156
2023-03-06,12268.2,12466.9,12255.4,12305.4,157125
2023-03-07,12297.9,12362.6,12128.5,12162.4,158968
2023-03-08,12164.2,12240.2,12094.0,12222.1,173903
2023-03-09,12215.7,12338.8,11967.3,12000.8,178556
2023-03-10,11945.3,12097.2,11788.9,11846.1,201681
2023-03-13,11872.9,12087.3,11681.8,11944.0,219238
2023-03-14,11942.8,12218.4,11919.0,12194.7,186312
2023-03-15,12194.6,12273.9,11959.4,12267.4,230699
2023-03-16,12260.1,12597.2,12182.0,12574.8,214003
2023-03-17,12568.1,12672.6,12441.5,12519.1,194069
2023-03-20,12571.0,12609.2,12397.0,12570.2,212635
2023-03-21,12561.1,12763.4,12544.1,12746.1,156386
2023-03-22,12735.2,12947.8,12543.8,12570.0,155787
2023-03-23,12581.9,12896.7,12572.4,12753.2,175802
2023-03-24,12742.9,12792.5,12601.2,12792.5,184844
2023-03-27,12795.1,12849.1,12643.4,12693.0,156761
2023-03-28,12690.9,12711.4,12516.2,12625.8,142331
2023-03-29,12627.6,12868.8,12621.9,12840.2,135286
2023-03-30,12834.6,12990.1,12807.2,12970.2,139807
2023-03-31,12957.8,13188.0,12937.8,13183.9,136221
2023-04-03,13126.3,13158.7,13033.5,13141.1,147030
2023-04-04,13128.6,13225.7,13048.6,13109.0,143094
2023-04-05,13107.3,13126.4,12894.0,12960.2,142003
2023-04-06,12948.0,13078.7,12842.8,13048.9,140383
2023-04-07,13047.4,13082.15,13015.35,13076.9,19159
2023-04-10,13060.3,13089.7,12855.9,13055.4,124000
2023-04-11,13051.8,13096.5,12945.8,12968.2,137352
2023-04-12,12969.5,13130.8,12830.5,12846.2,146620
2023-04-13,12844.7,13124.6,12819.7,13084.6,140767
2023-04-14,13079.3,13152.0,12955.5,13104.6,148644
2023-04-17,13099.6,13117.2,12978.0,13087.2,143905
2023-04-18,13083.5,13197.6,13041.9,13091.8,134534
2023-04-19,13081.5,13131.8,12968.0,13072.0,132288
2023-04-20,13067.7,13105.7,12928.2,12998.8,144412
2023-04-21,12994.1,13032.2,12893.2,12989.0,137140
2023-04-24,12976.2,13047.8,12880.8,12966.0,129355
2023-04-25,12963.9,12974.2,12720.0,12831.2,143401
2023-04-26,12884.7,12929.5,12782.3,12883.7,166330
2023-04-27,12879.7,13252.6,12854.5,13198.6,135778
2023-04-28,13136.0,13258.6,13093.5,13250.3,153287
2023-05-01,13232.9,13289.3,13185.0,13214.0,120897
2023-05-02,13209.3,13259.1,13041.6,13095.7,143479
2023-05-03,13095.3,13236.5,13013.8,13014.1,144627
2023-05-04,12983.2,13100.2,12936.5,12975.0,163405
2023-05-05,12995.5,13291.8,12992.7,13243.7,133657
2023-05-08,13256.3,13304.7,13192.2,13275.0,120346
2023-05-09,13272.3,13284.1,13190.7,13202.1,115033
2023-05-10,13194.2,13385.4,13138.9,13345.5,146442
2023-05-11,13346.3,13413.4,13299.1,13392.4,143474
2023-05-12,13397.3,13433.7,13253.6,13314.1,131049
2023-05-15,13309.9,13421.0,13291.7,13406.1,124154
2023-05-16,13405.7,13499.4,13369.8,13451.9,125892
2023-05-17,13442.9,13609.5,13413.7,13584.7,126160
2023-05-18,13582.2,13858.2,13569.1,13853.9,135162
2023-05-19,13850.4,13906.7,13760.8,13787.6,150290
2023-05-22,13774.5,13892.5,13759.8,13863.2,129341
2023-05-23,13860.9,13923.5,13661.1,13682.7,142998
2023-05-24,13690.2,13769.4,13519.3,13768.9,154184
2023-05-25,13825.9,13993.55,13756.7,13948.3,170565
2023-05-26,13945.2,14328.6,13884.4,14324.8,146646
2023-05-29,14386.3,14405.4,14327.0,14367.1,53729
2023-05-30,14365.5,14529.0,14300.3,14370.2,159372
2023-05-31,14350.2,14389.5,14215.1,14249.9,162123
2023-06-01,14256.5,14496.0,14207.5,14461.9,157920
2023-06-02,14458.9,14593.9,14436.4,14551.8,143072
2023-06-05,14539.8,14663.8,14484.0,14560.0,151116
2023-06-06,14551.4,14595.8,14475.0,14565.7,145366
2023-06-07,14565.0,14647.1,14282.0,14295.7,148456
2023-06-08,14302.6,14507.4,14231.9,14503.9,153913
2023-06-09,14487.9,14670.8,14440.9,14549.0,131540
2023-06-12,14542.6,14812.4,14542.6,14808.7,114405
2023-06-13,14804.6,14952.6,14767.8,14913.5,147812
2023-06-14,14916.9,15045.5,14780.5,15043.3,151972
2023-06-15,15030.9,15250.9,14870.9,15175.2,165044
2023-06-16,15166.1,15282.7,15074.5,15113.0,153199
2023-06-19,15131.4,15136.0,15045.7,15055.1,59188
2023-06-20,15058.3,15129.4,14946.4,15064.8,141005
2023-06-21,15067.6,15088.4,14823.3,14863.2,149408
2023-06-22,14870.9,15059.7,14787.3,15056.8,149768
2023-06-23,15053.1,15059.0,14817.9,14888.7,156341
2023-06-26,14895.7,14984.6,14686.9,14705.9,159066
2023-06-27,14709.2,14970.1,14696.8,14922.4,141191
2023-06-28,14921.2,15052.9,14856.6,14989.8,151158
2023-06-29,14994.5,15034.3,14870.9,14952.5,142283
2023-06-30,14941.6,15218.0,14939.6,15155.5,135417
2023-07-03,15195.3,15235.6,15153.7,15202.4,87891
2023-07-04,15191.9,15215.1,15180.5,15189.4,32906
2023-07-05,15193.7,15279.6,15101.9,15199.6,126093
2023-07-06,15203.1,15211.8,14970.3,15073.9,143457
2023-07-07,15077.2,15212.9,15025.8,15044.2,139566
2023-07-10,15035.0,15076.5,14920.0,15053.0,149161
2023-07-11,15041.8,15136.9,14970.2,15120.7,135965
2023-07-12,15119.6,15364.5,15115.7,15317.2,136395
2023-07-13,15327.2,15603.0,15327.2,15557.6,126372
2023-07-14,15565.5,15721.6,15527.9,15557.1,138642
2023-07-17,15549.3,15747.7,15528.8,15692.9,123837
2023-07-18,15695.9,15898.3,15600.7,15819.5,130233
2023-07-19,15829.0,15932.5,15781.0,15811.6,136330
2023-07-20,15786.4,15790.0,15428.5,15477.8,155904
2023-07-21,15477.8,15600.7,15406.7,15438.0,147515
2023-07-24,15451.7,15509.8,15374.9,15457.5,139624
2023-07-25,15453.3,15624.2,15436.5,15608.1,127293
2023-07-26,15585.2,15599.0,15407.0,15517.0,152942
2023-07-27,15532.5,15795.0,15412.7,15483.6,161659
2023-07-28,15474.3,15790.1,15445.4,15736.7,170366
2023-07-31,15751.3,15811.7,15687.0,15770.8,143684
2023-08-01,15777.1,15790.7,15631.0,15711.1,132692
2023-08-02,15637.8,15692.1,15321.9,15354.4,174328
2023-08-03,15376.0,15464.8,15247.2,15351.7,180046
2023-08-04,15365.6,15527.7,15257.4,15286.2,170516
2023-08-07,15304.6,15411.6,15254.0,15410.8,152244
2023-08-08,15415.7,15415.7,15145.7,15273.1,163725
2023-08-09,15280.0,15356.1,15073.6,15124.6,150860
2023-08-10,15142.5,15366.8,15067.6,15146.5,169810
2023-08-11,15158.6,15196.5,14967.9,15037.1,161639
2023-08-14,15063.5,15211.8,14958.3,15210.0,163860
2023-08-15,15211.8,15267.4,15012.4,15047.6,163401
2023-08-16,15048.9,15099.2,14856.2,14870.0,168694
2023-08-17,14881.8,14952.7,14682.8,14683.8,168852
2023-08-18,14692.5,14746.3,14553.1,14691.1,174535
2023-08-21,14725.5,14959.7,14667.3,14916.3,158860
2023-08-22,14916.7,15065.6,14881.2,14907.1,153856
2023-08-23,14921.9,15297.2,14908.0,15282.8,150721
2023-08-24,15287.9,15367.3,14772.5,14785.1,168468
2023-08-25,14805.6,15005.4,14711.5,14930.3,165838
2023-08-28,14977.6,15088.7,14935.6,15058.0,142384
2023-08-29,15072.3,15390.9,15010.5,15385.0,138689
2023-08-30,15395.9,15484.0,15322.6,15472.4,142725
2023-08-31,15467.9,15573.9,15420.7,15506.0,129362
2023-09-01,15495.4,15627.8,15427.0,15484.1,139043
2023-09-04,15488.0,15554.4,15476.0,15499.7,53788
2023-09-05,15499.9,15559.3,15393.4,15488.7,142144
2023-09-06,15485.9,15503.8,15287.4,15363.1,138943
2023-09-07,15365.6,15371.1,15134.2,15266.7,149330
2023-09-08,15271.8,15375.9,15207.1,15304.4,142344
2023-09-11,15290.4,15483.6,15287.7,15460.2,133116
2023-09-12,15448.8,15465.7,15278.4,15300.2,131014
2023-09-13,15298.4,15415.4,15199.0,15370.3,163420
2023-09-14,15362.3,15513.8,15331.4,15487.4,149043
2023-09-15,15478.7,15519.6,15170.2,15202.7,153086
2023-09-18,15214.6,15270.7,15146.4,15236.4,136627
2023-09-19,15239.8,15253.9,15065.4,15197.2,129759
2023-09-20,15195.0,15247.7,14946.3,14955.8,142633
2023-09-21,14964.9,14968.0,14671.1,14675.6,162269
2023-09-22,14687.7,14858.8,14668.2,14707.6,160790
2023-09-25,14731.7,14789.1,14618.5,14786.9,158491
2023-09-26,14782.0,14783.2,14504.8,14561.1,164502
2023-09-27,14561.6,14663.8,14430.1,14606.5,163265
2023-09-28,14599.9,14791.1,14499.4,14726.9,180632
2023-09-29,14734.4,14905.3,14660.1,14747.6,171527
2023-10-02,14806.3,14895.7,14678.0,14849.9,177735
2023-10-03,14838.0,14874.4,14504.4,14573.4,180163
2023-10-04,14559.8,14806.2,14440.6,14752.0,194989
2023-10-05,14747.9,14809.8,14580.1,14715.7,178312
2023-10-06,14719.0,15021.6,14520.5,14994.2,171693
2023-10-09,14878.6,15072.0,14815.3,15047.3,210331
2023-10-10,15050.3,15242.1,15032.7,15139.7,221761
2023-10-11,15139.6,15278.4,15116.9,15273.1,212138
2023-10-12,15267.5,15338.0,15086.1,15193.4,207422
2023-10-13,15187.8,15239.0,14939.6,14987.0,175008
2023-10-16,15035.2,15211.9,14961.9,15173.3,152758
2023-10-17,15177.4,15188.5,14931.4,15121.5,176543
2023-10-18,15108.8,15116.1,14863.8,14946.4,194350
2023-10-19,14927.0,15027.2,14733.0,14743.5,208920
2023-10-20,14747.5,14782.5,14545.3,14555.4,197881
2023-10-23,14588.2,14751.8,14417.1,14647.4,187503
2023-10-24,14638.6,14849.6,14607.7,14732.7,194394
2023-10-25,14716.7,14723.6,14357.6,14388.6,191618
2023-10-26,14292.4,14372.7,14054.0,14124.0,218066
2023-10-27,14181.3,14324.6,14127.4,14188.1,192982
2023-10-30,14239.6,14394.3,14222.2,14322.7,171792
2023-10-31,14332.3,14421.9,14230.2,14365.8,195105
2023-11-01,14380.5,14679.4,14331.9,14673.6,177728
2023-11-02,14681.4,14933.9,14680.0,14882.8,168456
2023-11-03,14864.6,15149.9,14854.2,15108.0,155308
2023-11-06,15116.8,15180.9,15061.1,15145.6,148426
2023-11-07,15140.4,15336.2,15100.8,15300.7,151091
2023-11-08,15289.8,15343.8,15215.1,15290.7,151310
2023-11-09,15271.2,15385.9,15170.0,15188.6,157750
2023-11-10,15175.2,15542.8,15140.1,15518.6,163208
2023-11-13,15508.9,15524.8,15401.1,15490.3,148337
2023-11-14,15489.0,15850.1,15485.8,15827.0,147117
2023-11-15,15835.2,15976.0,15762.4,15772.3,168078
2023-11-16,15786.3,15842.6,15734.3,15835.8,167141
2023-11-17,15826.1,15878.9,15766.4,15813.9,155753
2023-11-20,15822.2,16059.0,15779.9,16027.5,154068
2023-11-21,16037.6,16063.8,15857.7,15912.6,152411
2023-11-22,15906.4,16123.5,15889.7,15992.9,152331
2023-11-23,15992.1,16039.7,15992.1,16013.3,50467
2023-11-24,16018.1,16022.2,15936.4,15968.3,85891
2023-11-27,15950.9,16047.3,15897.0,15961.2,132845
2023-11-28,15967.7,16032.2,15903.4,16015.3,142094
2023-11-29,16002.2,16167.2,15975.9,16007.8,154104
2023-11-30,16000.8,16062.0,15823.3,15924.5,153896
2023-12-01,15926.4,16017.6,15830.7,16000.8,142967
2023-12-04,15970.9,15973.7,15691.7,15823.2,156765
2023-12-05,15824.2,15933.0,15730.5,15872.3,158887
2023-12-06,15867.1,16010.6,15777.9,15787.7,153776
2023-12-07,15786.1,16043.5,15768.1,15993.6,160102
2023-12-08,16006.7,16102.6,15871.0,16075.0,147565
2023-12-11,16073.2,16233.4,16030.3,16228.7,148198
2023-12-12,16220.9,16375.4,16175.8,16372.7,137998
2023-12-13,16377.2,16585.4,16355.2,16545.2,138582
2023-12-14,16569.7,16662.9,16417.9,16532.3,182805
2023-12-15,16529.7,16678.6,16524.4,16602.9,168075
2023-12-18,16611.6,16765.1,16589.6,16709.8,144729
2023-12-19,16714.7,16817.6,16700.0,16810.7,146592
2023-12-20,16813.2,16862.9,16545.7,16572.4,145449
2023-12-21,16586.9,16768.1,16584.1,16752.9,159931
2023-12-22,16742.0,16844.5,16694.8,16761.7,154227
2023-12-26,16796.7,16910.1,16786.2,16883.1,97087
2023-12-27,16892.5,16931.9,16856.2,16929.3,131198
2023-12-28,16926.5,16973.7,16890.4,16898.7,122033
2023-12-29,16903.6,16943.6,16753.0,16823.2,131794
2024-01-02,16828.5,16850.9,16447.6,16554.7,158130
2024-01-03,16559.4,16560.4,16349.9,16365.6,161524
2024-01-04,16382.7,16421.6,16274.3,16291.3,153232
2024-01-05,16300.7,16419.3,16175.8,16303.5,157910
2024-01-08,16328.5,16653.9,16221.5,16632.7,162603
2024-01-09,16628.8,16714.8,16502.2,16678.8,163785
2024-01-10,16667.6,16832.0,16647.6,16803.3,157160
2024-01-11,16800.5,16901.1,16613.0,16815.9,174140
2024-01-12,16804.3,16900.2,16724.0,16813.1,186240
2024-01-15,16800.1,16880.4,16795.4,16828.1,75678
2024-01-16,16815.7,16898.7,16673.0,16835.8,194180
2024-01-17,16840.4,16846.3,16558.5,16728.6,190960
2024-01-18,16717.1,16996.6,16703.1,16986.6,191648
2024-01-19,16984.3,17339.5,16982.7,17334.9,184473
2024-01-22,17366.6,17452.8,17303.0,17333.5,184347
2024-01-23,17326.0,17431.4,17284.5,17431.4,171063
2024-01-24,17441.8,17668.0,17441.5,17498.6,171371
2024-01-25,17498.8,17632.0,17423.7,17473.9,189246
2024-01-26,17443.3,17517.7,17351.2,17388.1,179514
2024-01-29,17359.5,17604.3,17349.3,17589.8,145731
2024-01-30,17609.4,17624.4,17363.4,17365.7,162570
2024-01-31,17341.4,17378.4,17116.7,17154.6,183762
2024-02-01,17169.0,17528.4,17166.1,17528.3,181476
2024-02-02,17508.1,17682.5,17371.8,17606.9,181287
2024-02-05,17615.6,17654.0,17464.3,17606.2,173703
2024-02-06,17614.6,17679.4,17471.9,17561.7,166489
2024-02-07,17571.0,17788.3,17545.3,17762.2,160091
2024-02-08,17755.7,17814.0,17709.7,17784.6,142951
2024-02-09,17777.9,17989.2,17772.7,17954.5,139473
2024-02-12,17929.2,18041.9,17833.2,17842.4,130276
2024-02-13,17853.5,17886.7,17476.5,17626.9,173494
2024-02-14,17611.7,17813.5,17595.0,17801.1,166896
2024-02-15,17796.0,17900.9,17717.2,17887.5,158210
2024-02-16,17887.0,17961.0,17652.2,17657.8,159738
2024-02-19,17692.0,17744.9,17676.2,17737.3,74418
2024-02-20,17719.7,17720.3,17396.3,17533.2,185998
2024-02-21,17515.8,17625.5,17314.5,17616.1,177136
2024-02-22,17634.7,18035.9,17618.5,17971.0,181196
2024-02-23,17982.2,18095.2,17897.2,17919.0,160229
2024-02-26,17918.6,18013.2,17875.7,17906.9,154210
2024-02-27,17902.1,17995.6,17865.6,17976.8,152504
2024-02-28,17975.8,17975.8,17804.0,17805.8,155392
2024-02-29,17826.8,18071.1,17789.7,18032.7,165959
2024-03-01,18044.4,18335.0,17991.4,18280.1,159975
2024-03-04,18309.2,18340.4,18202.8,18205.3,150757
2024-03-05,18218.8,18219.1,17803.5,17948.6,169963
2024-03-06,17939.4,18147.7,17912.1,18015.7,175384
2024-03-07,18010.0,18338.7,17893.6,18217.7,189994
2024-03-08,18242.8,18417.2,17994.8,18039.4,195546
2024-03-11,17983.3,18036.5,17875.5,17977.3,183888
2024-03-12,17996.7,18227.8,17913.1,18212.5,163680
2024-03-13,18203.3,18245.6,18026.3,18091.3,159772
2024-03-14,18089.2,18173.0,17909.9,18018.4,167408
2024-03-15,18003.6,18073.7,17760.9,17816.9,166692
2024-03-18,17829.4,18126.6,17817.8,17984.1,165050
2024-03-19,17967.9,18044.5,17809.2,18032.8,176533
2024-03-20,18024.7,18296.6,17978.7,18290.8,147865
2024-03-21,18284.9,18467.3,18284.5,18335.5,161635
2024-03-22,18344.2,18389.5,18257.2,18326.6,164838
2024-03-25,18337.4,18364.5,18179.4,18289.6,145822
2024-03-26,18307.8,18387.1,18211.1,18247.1,146991
2024-03-27,18247.2,18353.4,18156.4,18288.8,142228
2024-03-28,18272.0,18313.1,18221.6,18237.2,152654
2024-04-01,18340.4,18392.1,18202.0,18286.1,135551
2024-04-02,18278.0,18303.6,17997.0,18137.4,164417
2024-04-03,18128.1,18245.7,18026.4,18183.8,161184
2024-04-04,18172.8,18367.3,17862.8,17886.0,154686
2024-04-05,17911.3,18210.0,17863.5,18105.6,188062
2024-04-08,18131.4,18183.0,18041.6,18115.6,166157
2024-04-09,18124.5,18212.2,17970.8,18187.9,162156
2024-04-10,18184.8,18273.15,17862.05,17996.15,172808
2024-04-11,17985.55,18341.35,17915.65,18308.55,184164
2024-04-12,18303.55,18329.85,17949.55,18008.75,181917
2024-04-15,18016.45,18176.75,17675.55,17685.75,202822
2024-04-16,17711.65,17821.65,17627.75,17724.85,209404
2024-04-17,17748.75,17805.85,17457.45,17502.35,198361
2024-04-18,17520.55,17616.75,17355.25,17366.15,186412
2024-04-19,17390.55,17403.25,16969.65,17030.85,244836
2024-04-22,17085.15,17305.65,17006.05,17193.85,187540
2024-04-23,17220.75,17516.85,17146.05,17515.25,181638
2024-04-24,17539.75,17656.45,17344.55,17369.55,183065
2024-04-25,17328.15,17697.65,17177.75,17695.95,197205
2024-04-26,17652.35,17771.85,17542.15,17710.15,182777
2024-04-29,17728.85,17821.15,17665.95,17788.35,172239
2024-04-30,17786.05,17796.85,17356.25,17396.85,161200
2024-05-01,17378.45,17673.05,17282.15,17354.35,174526
2024-05-02,17384.95,17648.05,17283.95,17641.45,184963
2024-05-03,17628.15,17936.55,17613.65,17908.65,158313
2024-05-06,17935.65,18093.95,17875.65,18080.15,135160
2024-05-07,18072.75,18157.85,18045.25,18095.65,141668
2024-05-08,18085.15,18137.85,17967.65,18053.05,139792
2024-05-09,18055.85,18141.85,18005.65,18131.05,142314
2024-05-10,18124.15,18251.25,18092.25,18146.15,136698
2024-05-13,18147.95,18239.15,18135.55,18188.85,129072
2024-05-14,18189.15,18336.65,18073.65,18313.55,147126
2024-05-15,18311.55,18608.05,18296.55,18586.25,150018
2024-05-16,18590.45,18671.75,18540.65,18547.75,161526
2024-05-17,18555.75,18595.25,18457.25,18542.55,148361
2024-05-20,18559.55,18706.65,18548.85,18656.65,129740
2024-05-21,18664.95,18722.05,18592.25,18719.25,124974
2024-05-22,18715.65,18806.45,18602.65,18729.25,140044
2024-05-23,18781.35,18948.55,18551.75,18611.65,165019
2024-05-24,18622.15,18854.95,18613.25,18799.45,148881
2024-05-27,18808.65,18886.45,18763.25,18880.65,57880
2024-05-28,18862.25,18910.25,18751.55,18878.85,156888
2024-05-29,18872.65,18881.95,18684.15,18686.65,169651
2024-05-30,18690.15,18725.35,18484.25,18521.65,168294
2024-05-31,18512.95,18608.65,18187.25,18522.15,187099
2024-06-03,18500.35,18703.95,18387.55,18612.65,181284
2024-06-04,18607.05,18700.95,18463.75,18657.05,180474
2024-06-05,18655.15,19043.25,18646.05,19038.05,157157
2024-06-06,19035.45,19075.65,18971.35,19020.95,158649
2024-06-07,19021.25,19116.05,18901.75,18987.95,165150
2024-06-10,19003.55,19093.05,18937.85,19063.75,165734
2024-06-11,19065.25,19223.05,18961.35,19206.45,166563
2024-06-12,19205.45,19578.29,19203.05,19573.79,112937
2024-06-13,19561.85,19658.99,19473.09,19567.99,96362
2024-06-14,19566.05,19677.79,19477.69,19667.39,104451
2024-06-17,19661.85,19980.65,19623.65,19887.05,98378
2024-06-18,19910.75,19982.35,19842.05,19915.85,100747
2024-06-19,19922.25,19965.35,19921.05,19944.55,37550
2024-06-20,19952.85,20086.35,19681.65,19769.85,105874
2024-06-21,19776.05,19817.15,19647.25,19736.45,103283
2024-06-24,19734.35,19757.75,19459.15,19482.75,130974
2024-06-25,19497.55,19715.55,19459.75,19699.35,130473
2024-06-26,19716.35,19805.25,19637.95,19681.45,137694
2024-06-27,19692.05,19854.95,19615.75,19807.15,159538
2024-06-28,19809.55,20026.05,19660.95,19726.05,169371
2024-07-01,19722.15,19829.85,19569.65,19799.95,183861
2024-07-02,19810.45,20015.55,19670.25,19991.75,176607
2024-07-03,19990.15,20199.85,19965.65,20184.45,117665
2024-07-04,20164.75,20180.35,20142.45,20143.55,50639
2024-07-05,20147.65,20405.25,20140.85,20366.05,156664
2024-07-08,20372.55,20459.55,20347.75,20450.75,150077
2024-07-09,20453.95,20545.95,20390.35,20460.25,153454
2024-07-10,20460.75,20688.85,20460.25,20662.85,138561
2024-07-11,20673.65,20758.75,20164.25,20223.15,164649
2024-07-12,20233.85,20530.65,20128.85,20330.15,178526
2024-07-15,20329.65,20591.45,20300.15,20414.75,171358
2024-07-16,20431.45,20481.15,20262.85,20394.15,173373
2024-07-17,20389.95,20392.15,19770.95,19817.45,209452
2024-07-18,19865.15,19970.45,19570.05,19759.45,220738
2024-07-19,19776.75,19795.65,19475.55,19522.85,212635
2024-07-22,19581.55,19861.95,19541.45,19786.95,217488
2024-07-23,19807.85,19911.15,19691.95,19786.95,193711
2024-07-24,19663.45,19673.35,19005.85,19106.05,207821
2024-07-25,19108.55,19228.75,18724.05,18820.85,267349
2024-07-26,18867.05,19148.15,18838.95,19027.45,226047
2024-07-29,19052.35,19228.45,18966.85,19061.45,216686
2024-07-30,19082.05,19170.55,18585.95,18745.15,210633
2024-07-31,18813.95,19501.45,18804.55,19434.05,245667
2024-08-01,19486.05,19575.25,18720.25,18795.25,262069
2024-08-02,18830.05,18830.05,18263.05,18398.65,250507
2024-08-05,18187.85,18264.25,17237.95,17995.25,243087
2024-08-06,18087.15,18371.15,17854.05,17988.25,238861
2024-08-07,17959.25,18448.25,17773.65,17774.65,236055
2024-08-08,17764.75,18485.25,17642.85,18453.45,223156
2024-08-09,18457.45,18572.95,18283.25,18497.05,214120
2024-08-12,18545.35,18664.25,18413.35,18529.45,170119
2024-08-13,18548.35,19020.55,18531.45,18987.45,188234
2024-08-14,19018.65,19109.65,18832.65,19049.25,198043
2024-08-15,19042.85,19502.95,19000.15,19477.05,175523
2024-08-16,19480.45,19584.05,19350.35,19519.25,180518
2024-08-19,19566.05,19776.35,19435.65,19764.45,165964
2024-08-20,19777.45,19835.95,19652.15,19717.65,167080
2024-08-21,19714.25,19896.05,19685.35,19827.05,175414
2024-08-22,19832.55,19936.75,19456.35,19528.75,186106
2024-08-23,19537.35,19823.95,19514.45,19701.25,178633
2024-08-26,19728.55,19770.05,19432.25,19480.85,183956
2024-08-27,19497.35,19622.95,19370.95,19561.35,171953
2024-08-28,19572.35,19620.35,19162.55,19221.55,187797
2024-08-29,19185.45,19630.95,19078.55,19377.05,220381
2024-08-30,19380.85,19582.25,19320.65,19545.25,182839
2024-09-02,19569.45,19619.35,19460.95,19598.95,77841
2024-09-03,19631.75,19634.65,18864.45,18923.75,215230
2024-09-04,18936.05,19067.75,18776.35,18907.45,231280
2024-09-05,18929.15,19107.95,18784.95,18880.15,215940
2024-09-06,18886.65,18937.35,18325.75,18336.25,223058
2024-09-09,18397.25,18701.45,18354.15,18683.85,211262
2024-09-10,18707.75,18846.65,18551.95,18796.75,202924
2024-09-11,18806.15,19266.05,18523.45,19218.05,225075
2024-09-12,19208.15,19458.25,19161.05,19383.85,212833
2024-09-13,19397.05,19556.95,19374.75,19488.65,179170
2024-09-16,19499.45,19525.75,19285.65,19409.15,172739
2024-09-17,19417.65,19604.35,19330.25,19442.35,190512
2024-09-18,19437.55,19654.55,19317.85,19396.35,174481
2024-09-19,19416.75,19955.25,19400.25,19818.45,223220
2024-09-20,19825.55,19847.45,19624.35,19779.55,181916
2024-09-23,19772.45,19926.65,19718.45,19833.85,175613
2024-09-24,19838.15,19992.45,19733.05,19961.75,178637
2024-09-25,19957.05,20048.95,19841.15,20018.55,168882
2024-09-26,20013.65,20313.95,19963.55,20115.95,184134
2024-09-27,20126.95,20174.95,19954.15,19982.35,198094
2024-09-30,19964.85,20070.95,19845.25,20033.15,197195
2024-10-01,20026.25,20118.05,19611.05,19750.65,200112
2024-10-02,19726.95,19884.05,19629.15,19860.55,191817
2024-10-03,19854.95,19910.85,19647.35,19770.05,207532
2024-10-04,19755.45,20069.35,19745.35,20000.05,206861
2024-10-07,20041.55,20066.65,19756.75,19834.25,208824
2024-10-08,19826.95,20135.05,19714.35,20095.25,209295
2024-10-09,20091.85,20289.35,20003.85,20243.55,187992
2024-10-10,20245.25,20320.15,20110.35,20251.15,178592
2024-10-11,20244.35,20315.55,20135.55,20236.45,155869
2024-10-14,20239.65,20500.45,20204.95,20452.25,148813
2024-10-15,20464.25,20482.65,20078.85,20158.65,179395
2024-10-16,20143.25,20221.45,20032.25,20158.75,169443
2024-10-17,20157.35,20418.45,20104.95,20211.65,190570
2024-10-18,20209.25,20366.45,20155.05,20322.15,159244
2024-10-21,20339.15,20391.95,20180.75,20384.55,166560
2024-10-22,20372.15,20444.45,20201.35,20369.95,182775
2024-10-23,20347.85,20385.95,19928.05,20131.85,169719
2024-10-24,20140.95,20277.15,20112.85,20231.45,175793
2024-10-25,20234.05,20565.25,20217.05,20333.55,167200
2024-10-28,20447.45,20535.15,20344.95,20370.95,188695
2024-10-29,20371.35,20617.55,20293.05,20561.25,184667
2024-10-30,20586.45,20649.15,20336.75,20383.05,193206
2024-10-31,20316.75,20327.85,19876.75,19917.65,213314
2024-11-01,19949.35,20165.65,19890.75,20041.45,205583
2024-11-04,19979.65,20128.45,19894.85,19990.55,197441
2024-11-05,20004.55,20268.35,19925.35,20240.55,182089
2024-11-06,20236.86,20811.56,20209.56,20799.86,235256
2024-11-07,20795.45,21137.15,20744.76,21105.46,195587
2024-11-08,21094.15,21154.15,21003.85,21118.46,172293
2024-11-11,21161.25,21231.35,20990.15,21109.86,162767
2024-11-12,21097.85,21144.25,20947.75,21078.96,191840
2024-11-13,21053.25,21161.55,20953.55,21058.04,191964
2024-11-14,21043.15,21083.75,20844.04,20871.04,197680
2024-11-15,20855.75,20859.15,20308.45,20402.44,208416
2024-11-18,20426.15,20627.25,20384.25,20537.14,190684
2024-11-19,20529.95,20699.95,20289.75,20672.44,213995
2024-11-20,20676.65,20784.15,20419.4,20667.79,144797
2024-11-21,20640.05,20816.35,20430.35,20711.54,241357
2024-11-22,20699.35,20799.35,20612.15,20796.54,221071
2024-11-25,20862.85,21002.15,20703.15,20823.34,173449
2024-11-26,20850.35,20950.65,20680.25,20927.24,207840
2024-11-27,20909.95,20943.05,20609.05,20739.44,177918
2024-11-28,20765.35,20843.45,20754.05,20821.35,61094
2024-11-29,20811.25,20955.15,20744.65,20926.65,130989
2024-12-02,20929.25,21200.05,20880.85,21154.74,171002
2024-12-03,21149.85,21273.54,21079.35,21272.44,152905
2024-12-04,21259.25,21497.65,21253.95,21460.44,155232
2024-12-05,21459.15,21518.05,21388.04,21406.14,144776
2024-12-06,21396.15,21625.55,21374.75,21589.74,151072
2024-12-09,21597.35,21663.25,21395.25,21433.94,161762
2024-12-10,21434.35,21567.55,21314.45,21395.84,151326
2024-12-11,21392.65,21782.95,21368.25,21719.94,149739
2024-12-12,21725.45,21739.25,21574.64,21612.84,152552
2024-12-13,21699.05,21884.95,21644.35,21736.84,168989
2024-12-16,21747.95,22131.95,21742.75,22090.64,170005
2024-12-17,22088.35,22106.15,21928.05,21980.74,189692
2024-12-18,21998.75,22072.95,20996.94,21144.14,185605
2024-12-19,21202.05,21403.15,21052.64,21124.64,253235
2024-12-20,21116.65,21529.95,20722.05,21253.44,262831
2024-12-23,21380.05,21505.15,21204.95,21466.24,223888
2024-12-24,21486.55,21794.15,21448.05,21791.85,115837
2024-12-26,21801.05,21860.05,21620.65,21743.34,166546
2024-12-27,21755.55,21771.65,21272.55,21486.74,185901
2024-12-30,21515.15,21515.15,21030.95,21171.74,205365
2024-12-31,21157.25,21303.25,20961.45,21014.74,190770
2025-01-02,21100.15,21273.95,20773.25,20974.14,240671
2025-01-03,20960.85,21359.25,20936.85,21286.54,186496
2025-01-06,21333.25,21703.45,21284.85,21589.84,207171
2025-01-07,21602.75,21616.45,21094.05,21194.74,213829
2025-01-08,21181.25,21262.95,20981.95,21147.14,228022
2025-01-09,21145.55,21166.45,21036.95,21121.35,89581
2025-01-10,21110.95,21199.25,20706.15,20828.14,225677
2025-01-13,20806.55,20868.45,20527.65,20817.04,231703
2025-01-14,20857.55,20979.15,20611.75,20810.94,226605
2025-01-15,20796.05,21288.55,20747.15,21213.04,177111
2025-01-16,21228.75,21403.45,21012.34,21047.64,219798
2025-01-17,21066.75,21529.45,21051.65,21431.74,192537
2025-01-20,21433.25,21624.0,21374.15,21533.5,128315
2025-01-21,21545.35,21632.04,21229.4,21623.74,204344
2025-01-22,21624.65,21944.85,21621.95,21822.04,174467
2025-01-23,21827.55,21903.84,21709.65,21870.54,175894
2025-01-24,21855.75,21941.45,21707.75,21763.94,184844
2025-01-27,21547.05,21574.45,20630.95,21166.14,309733
2025-01-28,21188.45,21496.95,21031.95,21436.64,228039
2025-01-29,21417.75,21570.95,21245.25,21464.34,207274
2025-01-30,21431.25,21626.75,21298.75,21496.74,211926
2025-01-31,21594.25,21846.55,21418.24,21449.34,206773
2025-02-03,20895.85,21463.54,20864.25,21461.44,273373
2025-02-04,21462.45,21584.85,21133.45,21491.74,212324
2025-02-05,21473.95,21687.44,21323.25,21648.14,208498
2025-02-06,21649.45,21777.85,21602.25,21732.74,188982
2025-02-07,21726.15,21869.55,21459.15,21487.44,196988
2025-02-10,21430.95,21796.15,21418.95,21738.64,168683
2025-02-11,21715.25,21776.45,21575.05,21698.04,175203
2025-02-12,21712.55,21763.84,21418.75,21763.44,185345
2025-02-13,21764.45,22033.75,21663.55,22000.34,198058
2025-02-14,21983.25,22135.25,21955.65,22117.64,169574
2025-02-17,22131.95,22199.65,22110.95,22149.95,76142
2025-02-18,22142.95,22237.35,22023.25,22138.14,166991
2025-02-19,22167.45,22223.05,22041.25,22147.14,169798
2025-02-20,22153.15,22156.95,21873.45,22059.04,179621
2025-02-21,22081.15,22175.85,21594.15,21602.24,189213
2025-02-24,21649.85,21746.65,21341.54,21356.24,219979
2025-02-25,21372.15,21387.85,20927.65,21127.34,245678
2025-02-26,21172.85,21347.43,21003.73,21157.74,214753
2025-02-27,21183.55,21326.93,20525.74,20589.54,250901
2025-02-28,20612.05,20891.0,20408.2,20849.1,261271
